Plant.ID,X100.Seed.Weight,Beak.Length.in.Millimeters,C16.0..PALMITIC.ACID.,C16.1..PALMITOLEIC.ACID.,C18.0..STEARIC.ACID.,C18.1..OLEIC.ACID.,C18.2..LINOLEIC.ACID.,C18.3..LINOLENIC.ACID.,C20.0..ARACHIDIC.ACID.,C20.1..GONDOIC.ACID.,C20.2..EICOSADIENOIC.ACID.,C22.0..BEHENIC.ACID.,C22.1..ERUCIC.ACID.,C22.2..BRASSIC.ACID.,C24.0..LIGNOCERIC.ACID.,C24.1..NERVONIC.ACID.,First.Flower.Date,Flower.Color,Last.Flower.Date,Locules.Per.Silique,Middle.Flower.Date,NUMBER.OF.DAYS.TO.HARVEST,Plant.Height,Seed.Color,SEED_TOTAL_OIL,Seeds.Per.Silique,Silique.Attitude,Silique.Length.in.Centimeters,Silique.Width.in.Millimeters,BROWNING,CURD.COLOR,CURD.COMPACTNESS,CURD.DEPTH,CURD.PROTECTION,CURD.QUALITY,CURD.WIDTH,DEFOLIATION,DISEASE.RATING,INSECT.RATING,LEAF.BLOOM,MATURITY,NUMBER.OF.SPROUTS,PLANT.SIZE,SPROUT.COLOR,SPROUT.FIRMNESS,SPROUT.REMOVAL,STALK.LENGTH,SUBSET,UNIFORMITY,SPROUT.WEIGHT
PI 603025 ,,20.2,3.64572,NA,1.37747,11.7167,19.2624,8.60867,1.22321,6.65769,0.88023,1.36732,42.4832,1.73205,NA,0.66672,124,,156,2,137,,,,29.02,21,,5.71,4.3,,,,NA,,,NA,,,,,,,,,,,,,,NA
PI 633154 ,0.35,,2.46,0,0.95,12.39,16.42,9.05,0.79,7.39,0.76,1.21,41.84,1.31,0,2.52,127,YELLOW,177,,140,,95.8,,31.66,,ERECT,,,,,,NA,,,NA,,,,,,,,,,,,,,NA
PI 340208 ,0.32,,2.4,NA,1,11.9,16.7,10.5,0.8,5.8,0,1.3,41.7,1.6,0.8,2.7,108,YELLOW,174,,112,,81.5,BLUE-BLACK,25.7,,ERECT,,,,,,NA,,,NA,,,,,,,,,,,,,,NA
PI 649171 ,0.19,17.4,3.13,0,1.17,11.3,18.33,9.97,0.67,6.37,0.23,1.73,43.03,1.47,0.23,2.37,152,,209,2,188,,32.1,,19.66,20,,6.38,4.3,,,,NA,,,NA,,,,,,,,,,,,,,NA
PI 597831 ,0.19,6.1,2.77,0,1.13,11.17,16.56,9.76,0.97,7.84,0.85,1.31,41.76,1.24,0,2.18,124,,156,2,,,,,32,16,,3.5,3.2,,,,NA,,,NA,,,,,,,,,,,,,,NA
GC 1742-69 ,NA,NA,NA,NA,NA,NA,NA,NA,NA,NA,NA,NA,NA,NA,NA,NA,NA,NA,NA,NA,NA,NA,NA,NA,NA,NA,NA,NA,NA,NA,NA,NA,NA,NA,NA,NA,NA,NA,NA,NA,NA,NA,NA,NA,NA,NA,NA,NA,NA,NA
GC 4623-77 ,NA,NA,NA,NA,NA,NA,NA,NA,NA,NA,NA,NA,NA,NA,NA,NA,NA,NA,NA,NA,NA,NA,NA,NA,NA,NA,NA,NA,NA,NA,NA,NA,NA,NA,NA,NA,NA,NA,NA,NA,NA,NA,NA,NA,NA,NA,NA,NA,NA,NA
,,,,,,,,,,,,,,,,,,,,,,,,,,,,,,,,,,,,,,,,,,,,,,,,,,
PI 370737 ,0.297,,3,NA,1.2,20.3,22,11.3,0.7,5.1,0,1,30.4,0.4,0.4,1,,,,,,,,,26.2,,,,,,,,NA,,,NA,,,,,,,,,,,,,,NA
PI 603020 ,,,3.16,0,1.58,19.75,20.29,8.65,0.91,8.64,0.49,0.74,34.01,0.76,0,0.55,,,151,,124,,,,35.95,,,,,,,,NA,,,NA,,,,,,,,,,,,,,NA
PI 649160 ,0.325,23.2,2.37,0,1.5,17.7,13.37,5.4,1.2,8.77,0,1.33,45.63,0.63,0.6,1.43,,,,3,,,,,28.54,24,,6.06,6.5,,,,NA,,,NA,,,,,,,,,,,,,,NA
PI 179641 ,0.31,,2.3,NA,0.9,15.9,16.9,8.2,0.8,6,0,1,42.1,0.5,0.4,0,,,,,,,,YELLOW,27.63,,,,,,,,NA,,,NA,,,,,,,,,,,,,,NA
PI 347602 ,0.14,20.2,2.8,NA,2,13.8,16.9,8.5,1.6,5.8,0,1.6,40.7,1.2,0.5,1.7,,,,2,,,,,23.18,22,,3.15,5.2,,,,NA,,,NA,,,,,,,,,,,,,,NA
PI 649178 ,0.295,19.7,1.8,0,1.2,14.63,12.57,7.47,1,8.57,0.5,1.2,48.03,0.7,0.57,1.67,,,,2,,,,,36.12,23,,6.62,3.6,,,,NA,,,NA,,,,,,,,,,,,,,NA
PI 347608 ,0.4,16; 22.7,2,NA,1,18.6,12.8,7.1,1.3,6.8,0,1.4,44.2,0.6,0.5,1.2,,,,4,,,,,30.62,16; 23,,3.62; 3.9,6.6; 8.1,,,,NA,,,NA,,,,,,,,,,,,,,NA
PI 459019 ,0.313,,2.69,0,1.31,14.47,14.37,4.8,1.1,7.46,0.4,1.67,49.19,0.9,0,1.43,,,,,,,,YELLOW,32.49,,,,,,,,NA,,,NA,,,,,,,,,,,,,,NA
PI 649200 ,0.24,21.6,2.37,0,1.57,16.33,13.17,5.97,1.3,6.97,0,1.4,48.4,0.43,0.4,1.5,,,,4,,,,,27.94,21,,4.21,7,,,,NA,,,NA,,,,,,,,,,,,,,NA
PI 649201 ,0.215,19.6,2.9,0,1.43,12.93,16.23,7.53,1.2,6.77,0.6,1.5,45.33,1.17,0.63,1.57,,,,2,,,,,24.74,19,,4.42,5.1,,,,NA,,,NA,,,,,,,,,,,,,,NA
PI 649202 ,0.3,26.8,2.3,0,1.6,17.23,13.5,5.67,1.3,7.57,0.4,1.63,45.7,0.6,0.57,1.37,,,,4,,,,,28,27,,4.36,7.6,,,,NA,,,NA,,,,,,,,,,,,,,NA
PI 426420 ,0.26,,2.9,0,0.88,13.37,14.27,6.87,0.33,5.96,0,0,53.14,0,0,0,,,,,,,,YELLOW,32.39,,,,,,,,NA,,,NA,,,,,,,,,,,,,,NA
PI 390142 ,0.48,,,NA,,,,,,,NA,,,NA,NA,,,,,,,,,,,,,,,,,,NA,,,NA,,,,,,,,,,,,,,NA
PI 426422 ,0.45,,2.27,0,1.51,16.12,12.81,6,1.12,6.97,1.39,0,47.41,0,0,0,,,,,,,,YELLOW,33.09,,,,,,,,NA,,,NA,,,,,,,,,,,,,,NA
PI 426423 ,0.52,,2.37,0,1.35,16.27,14,6.59,1.06,7.53,0.47,1.54,44.5,0,0,2.74,,,,,,,,YELLOW,35.48,,,,,,,,NA,,,NA,,,,,,,,,,,,,,NA
PI 649208 ,0.375,15.7; 23.4; 19.7,2.27,0,1.5,17.17,13.2,5.77,1.3,7.17,0.37,1.7,46.67,0.63,0.6,1.5,,,,2; 4,,,,YELLOW,28.47,24; 20; 35; 19,,4.18; 4.36; 3.35; 3.56,3.63; 7; 8.3; 4.5,,,,NA,,,NA,,,,,,,,,,,,,,NA
PI 649206 ,0.45,24.4,2.17,0,1.43,17.63,12.47,6.07,1.2,7.47,0.33,1.53,46.8,0.63,0.6,1.43,,,,3,,,,,29.97,24,,4.88,7.3,,,,NA,,,NA,,,,,,,,,,,,,,NA
PI 649207 ,0.343; 0.29,13.7,2.3,0,1.5,15.73,13.97,6.6,1.27,7.43,0.27,1.53,46.95,0.73,0.43,1.43,132,,142,4,,,45.3,,28.36,16,,3.37,6.7,,,,NA,,,NA,,,,,,,,,,,,,,NA
PI 649204 ,0.345,26.6,2.53,0,1.63,17.4,13.97,5.43,1.33,7.67,0.3,1.67,44.83,0.7,0.7,1.47,,,,2,,,,,26.92,22,,8.11,6.1,,,,NA,,,NA,,,,,,,,,,,,,,NA
PI 347594 ,0.365,20.3; 21.25,1.8,NA,0.7,12,14.9,10.5,1,4.4,0,1.3,47.7,1.1,0.5,1.6,,,,2; 3,,,,,29.65,23; 15,,3.69; 3.87,4.63; 3.3,,,,NA,,,NA,,,,,,,,,,,,,,NA
,,,,,,,,,,,,,,,,,,,,,,,,,,,,,,,,,,,,,,,,,,,,,,,,,,
PI 644006 ,NA,NA,NA,NA,NA,NA,NA,NA,NA,NA,NA,NA,NA,NA,NA,NA,NA,NA,NA,NA,NA,NA,NA,NA,NA,NA,NA,NA,NA,NA,NA,NA,NA,NA,NA,NA,NA,NA,NA,NA,NA,NA,NA,NA,NA,NA,NA,NA,NA,NA
G31787 ,NA,NA,NA,NA,NA,NA,NA,NA,NA,NA,NA,NA,NA,NA,NA,NA,NA,NA,NA,NA,NA,NA,NA,NA,NA,NA,NA,NA,NA,NA,NA,NA,NA,NA,NA,NA,NA,NA,NA,NA,NA,NA,NA,NA,NA,NA,NA,NA,NA,NA
PI 662760 ,NA,NA,NA,NA,NA,NA,NA,NA,NA,NA,NA,NA,NA,NA,NA,NA,NA,NA,NA,NA,NA,NA,NA,NA,NA,NA,NA,NA,NA,NA,NA,NA,NA,NA,NA,NA,NA,NA,NA,NA,NA,NA,NA,NA,NA,NA,NA,NA,NA,NA
PI 662761 ,NA,NA,NA,NA,NA,NA,NA,NA,NA,NA,NA,NA,NA,NA,NA,NA,NA,NA,NA,NA,NA,NA,NA,NA,NA,NA,NA,NA,NA,NA,NA,NA,NA,NA,NA,NA,NA,NA,NA,NA,NA,NA,NA,NA,NA,NA,NA,NA,NA,NA
PI 662729 ,NA,NA,NA,NA,NA,NA,NA,NA,NA,NA,NA,NA,NA,NA,NA,NA,NA,NA,NA,NA,NA,NA,NA,NA,NA,NA,NA,NA,NA,NA,NA,NA,NA,NA,NA,NA,NA,NA,NA,NA,NA,NA,NA,NA,NA,NA,NA,NA,NA,NA
G 31777 ,NA,NA,NA,NA,NA,NA,NA,NA,NA,NA,NA,NA,NA,NA,NA,NA,NA,NA,NA,NA,NA,NA,NA,NA,NA,NA,NA,NA,NA,NA,NA,NA,NA,NA,NA,NA,NA,NA,NA,NA,NA,NA,NA,NA,NA,NA,NA,NA,NA,NA
G 31784 ,NA,NA,NA,NA,NA,NA,NA,NA,NA,NA,NA,NA,NA,NA,NA,NA,NA,NA,NA,NA,NA,NA,NA,NA,NA,NA,NA,NA,NA,NA,NA,NA,NA,NA,NA,NA,NA,NA,NA,NA,NA,NA,NA,NA,NA,NA,NA,NA,NA,NA
G 31785 ,NA,NA,NA,NA,NA,NA,NA,NA,NA,NA,NA,NA,NA,NA,NA,NA,NA,NA,NA,NA,NA,NA,NA,NA,NA,NA,NA,NA,NA,NA,NA,NA,NA,NA,NA,NA,NA,NA,NA,NA,NA,NA,NA,NA,NA,NA,NA,NA,NA,NA
PI 633165 ,0.26,15.9; 14.4,2.27,0,0.98,18.27,12.62,8.29,0.76,9.12,0.45,0.91,44,0.56,0,1.49,123,YELLOW,187,2,138,212,,,34.71,27; 24,ERECT,6.17; 5.55,4; 5.6,,,,NA,,,NA,,,,,,,,,,,,,,NA
G 30708 ,NA,NA,NA,NA,NA,NA,NA,NA,NA,NA,NA,NA,NA,NA,NA,NA,NA,NA,NA,NA,NA,NA,NA,NA,NA,NA,NA,NA,NA,NA,NA,NA,NA,NA,NA,NA,NA,NA,NA,NA,NA,NA,NA,NA,NA,NA,NA,NA,NA,NA
G 30955 ,NA,NA,NA,NA,NA,NA,NA,NA,NA,NA,NA,NA,NA,NA,NA,NA,NA,NA,NA,NA,NA,NA,NA,NA,NA,NA,NA,NA,NA,NA,NA,NA,NA,NA,NA,NA,NA,NA,NA,NA,NA,NA,NA,NA,NA,NA,NA,NA,NA,NA
G 28902 ,NA,NA,NA,NA,NA,NA,NA,NA,NA,NA,NA,NA,NA,NA,NA,NA,NA,NA,NA,NA,NA,NA,NA,NA,NA,NA,NA,NA,NA,NA,NA,NA,NA,NA,NA,NA,NA,NA,NA,NA,NA,NA,NA,NA,NA,NA,NA,NA,NA,NA
PI 662679 ,NA,NA,NA,NA,NA,NA,NA,NA,NA,NA,NA,NA,NA,NA,NA,NA,NA,NA,NA,NA,NA,NA,NA,NA,NA,NA,NA,NA,NA,NA,NA,NA,NA,NA,NA,NA,NA,NA,NA,NA,NA,NA,NA,NA,NA,NA,NA,NA,NA,NA
PI 662680 ,NA,NA,NA,NA,NA,NA,NA,NA,NA,NA,NA,NA,NA,NA,NA,NA,NA,NA,NA,NA,NA,NA,NA,NA,NA,NA,NA,NA,NA,NA,NA,NA,NA,NA,NA,NA,NA,NA,NA,NA,NA,NA,NA,NA,NA,NA,NA,NA,NA,NA
G 30792 ,NA,NA,NA,NA,NA,NA,NA,NA,NA,NA,NA,NA,NA,NA,NA,NA,NA,NA,NA,NA,NA,NA,NA,NA,NA,NA,NA,NA,NA,NA,NA,NA,NA,NA,NA,NA,NA,NA,NA,NA,NA,NA,NA,NA,NA,NA,NA,NA,NA,NA
PI 508408 ,NA,NA,NA,NA,NA,NA,NA,NA,NA,NA,NA,NA,NA,NA,NA,NA,NA,NA,NA,NA,NA,NA,NA,NA,NA,NA,NA,NA,NA,NA,NA,NA,NA,NA,NA,NA,NA,NA,NA,NA,NA,NA,NA,NA,NA,NA,NA,NA,NA,NA
PI 508409 ,NA,NA,NA,NA,NA,NA,NA,NA,NA,NA,NA,NA,NA,NA,NA,NA,NA,NA,NA,NA,NA,NA,NA,NA,NA,NA,NA,NA,NA,NA,NA,NA,NA,NA,NA,NA,NA,NA,NA,NA,NA,NA,NA,NA,NA,NA,NA,NA,NA,NA
PI 649173 ,0.325,17.9,2.9,0,1.5,16.83,14.97,6.97,1.13,7.6,0.17,1.5,43.63,0.87,0.33,1.57,,,,2,,,,,23.97,13,,4.78,4.5,,,,NA,,,NA,,,,,,,,,,,,,,NA
G 30238 ,NA,NA,NA,NA,NA,NA,NA,NA,NA,NA,NA,NA,NA,NA,NA,NA,NA,NA,NA,NA,NA,NA,NA,NA,NA,NA,NA,NA,NA,NA,NA,NA,NA,NA,NA,NA,NA,NA,NA,NA,NA,NA,NA,NA,NA,NA,NA,NA,NA,NA
PI 390964 ,0.17,13,,NA,,,,,,,NA,,,NA,NA,,,,,2,,,,BLUE-BLACK,,27,,4.58,4.1,,,,NA,,,NA,,,,,,,,,,,,,,NA
PI 390963 ,0.195,15.1,,NA,,,,,,,NA,,,NA,NA,,,,,2,,,,BLUE-BLACK,,25,,4.24,4.7,,,,NA,,,NA,,,,,,,,,,,,,,NA
PI 662783 ,NA,NA,NA,NA,NA,NA,NA,NA,NA,NA,NA,NA,NA,NA,NA,NA,NA,NA,NA,NA,NA,NA,NA,NA,NA,NA,NA,NA,NA,NA,NA,NA,NA,NA,NA,NA,NA,NA,NA,NA,NA,NA,NA,NA,NA,NA,NA,NA,NA,NA
PI 427091 ,NA,NA,NA,NA,NA,NA,NA,NA,NA,NA,NA,NA,NA,NA,NA,NA,NA,NA,NA,NA,NA,NA,NA,NA,NA,NA,NA,NA,NA,NA,NA,NA,NA,NA,NA,NA,NA,NA,NA,NA,NA,NA,NA,NA,NA,NA,NA,NA,NA,NA
PI 257237 ,NA,NA,NA,NA,NA,NA,NA,NA,NA,NA,NA,NA,NA,NA,NA,NA,NA,NA,NA,NA,NA,NA,NA,NA,NA,NA,NA,NA,NA,NA,NA,NA,NA,NA,NA,NA,NA,NA,NA,NA,NA,NA,NA,NA,NA,NA,NA,NA,NA,NA
PI 662686 ,NA,NA,NA,NA,NA,NA,NA,NA,NA,NA,NA,NA,NA,NA,NA,NA,NA,NA,NA,NA,NA,NA,NA,NA,NA,NA,NA,NA,NA,NA,NA,NA,NA,NA,NA,NA,NA,NA,NA,NA,NA,NA,NA,NA,NA,NA,NA,NA,NA,NA
,,,,,,,,,,,,,,,,,,,,,,,,,,,,,,,,,,,,,,,,,,,,,,,,,,
PI 590995 ,NA,NA,NA,NA,NA,NA,NA,NA,NA,NA,NA,NA,NA,NA,NA,NA,NA,NA,NA,NA,NA,NA,NA,NA,NA,NA,NA,NA,NA,NA,NA,NA,NA,NA,NA,NA,NA,NA,NA,NA,NA,NA,NA,NA,NA,NA,NA,NA,NA,NA
PI 419064 ,,,,NA,,,,,,,NA,,,NA,NA,,,,,,,,,,,,,,,SEVERE,YELLOW,"5 (0 = LOOSE,  9 = COMPACT)",11,"6 (0 = POOR,  9 = EXCELLENT)","6 (0 = POOR,  9 = EXCELLENT)",20,DIFFUCULT,"8 (0 = SLIGHT,  9 = SEVERE)","7 (0 = SLIGHT,  9 = SEVERE)","5 (0 = LEAST,  9 = HEAVY)","5 (0 = LATE,  9 = EARLY)",FEW,"5 (0 = SHORT,  9 = TALL)",LIGHT GREEN,VERY SOFT,DIFFICULT,VERY SHORT,Cauliflower,"4 (0 = VARIABLE,  9 = UNIFORM)",NA
PI 391548 ,,,3,NA,0.6,18.2,21.9,15.9,0,5.6,0,0.7,31.3,0,0.6,1.1,,,,,,,,,29.2,,,,,,,,NA,,,NA,,,,,,,,,,,,,,NA
PI 391558 ,NA,NA,NA,NA,NA,NA,NA,NA,NA,NA,NA,NA,NA,NA,NA,NA,NA,NA,NA,NA,NA,NA,NA,NA,NA,NA,NA,NA,NA,NA,NA,NA,NA,NA,NA,NA,NA,NA,NA,NA,NA,NA,NA,NA,NA,NA,NA,NA,NA,NA
PI 391547 ,,,2.6,NA,0.9,19.1,18,16.1,0,6.3,0,0.8,34.6,0,0.2,0.9,,,,,,,,,28.7,,,,,,,,NA,,,NA,,,,,,,,,,,,,,NA
PI 391549 ,0.31,15.3,2.9,NA,0.6,22.8,20.4,16.4,0.5,4.9,0,0.7,27.6,0,0.3,1.1,,,,,,,,,28.9,19,,4.29,5,,,,NA,,,NA,,,,,,,,,,,,,,NA
PI 662550 ,NA,NA,NA,NA,NA,NA,NA,NA,NA,NA,NA,NA,NA,NA,NA,NA,NA,NA,NA,NA,NA,NA,NA,NA,NA,NA,NA,NA,NA,NA,NA,NA,NA,NA,NA,NA,NA,NA,NA,NA,NA,NA,NA,NA,NA,NA,NA,NA,NA,NA
G 30794 ,NA,NA,NA,NA,NA,NA,NA,NA,NA,NA,NA,NA,NA,NA,NA,NA,NA,NA,NA,NA,NA,NA,NA,NA,NA,NA,NA,NA,NA,NA,NA,NA,NA,NA,NA,NA,NA,NA,NA,NA,NA,NA,NA,NA,NA,NA,NA,NA,NA,NA
PI 662682 ,NA,NA,NA,NA,NA,NA,NA,NA,NA,NA,NA,NA,NA,NA,NA,NA,NA,NA,NA,NA,NA,NA,NA,NA,NA,NA,NA,NA,NA,NA,NA,NA,NA,NA,NA,NA,NA,NA,NA,NA,NA,NA,NA,NA,NA,NA,NA,NA,NA,NA
G 30694 ,NA,NA,NA,NA,NA,NA,NA,NA,NA,NA,NA,NA,NA,NA,NA,NA,NA,NA,NA,NA,NA,NA,NA,NA,NA,NA,NA,NA,NA,NA,NA,NA,NA,NA,NA,NA,NA,NA,NA,NA,NA,NA,NA,NA,NA,NA,NA,NA,NA,NA
PI 419106 ,NA,NA,NA,NA,NA,NA,NA,NA,NA,NA,NA,NA,NA,NA,NA,NA,NA,NA,NA,NA,NA,NA,NA,NA,NA,NA,NA,NA,NA,NA,NA,NA,NA,NA,NA,NA,NA,NA,NA,NA,NA,NA,NA,NA,NA,NA,NA,NA,NA,NA
PI 419073 ,NA,NA,NA,NA,NA,NA,NA,NA,NA,NA,NA,NA,NA,NA,NA,NA,NA,NA,NA,NA,NA,NA,NA,NA,NA,NA,NA,NA,NA,NA,NA,NA,NA,NA,NA,NA,NA,NA,NA,NA,NA,NA,NA,NA,NA,NA,NA,NA,NA,NA
PI 419072 ,NA,NA,NA,NA,NA,NA,NA,NA,NA,NA,NA,NA,NA,NA,NA,NA,NA,NA,NA,NA,NA,NA,NA,NA,NA,NA,NA,NA,NA,NA,NA,NA,NA,NA,NA,NA,NA,NA,NA,NA,NA,NA,NA,NA,NA,NA,NA,NA,NA,NA
PI 391560 ,NA,NA,NA,NA,NA,NA,NA,NA,NA,NA,NA,NA,NA,NA,NA,NA,NA,NA,NA,NA,NA,NA,NA,NA,NA,NA,NA,NA,NA,NA,NA,NA,NA,NA,NA,NA,NA,NA,NA,NA,NA,NA,NA,NA,NA,NA,NA,NA,NA,NA
PI 426177 ,0.268,,3,NA,0.3,18.5,21.2,17.3,0,5.5,0,0,30.6,0,0,0,,,,,,,,,29.9,,,,,,,,NA,,,NA,,,,,,,,,,,,,,NA
PI 662676 ,NA,NA,NA,NA,NA,NA,NA,NA,NA,NA,NA,NA,NA,NA,NA,NA,NA,NA,NA,NA,NA,NA,NA,NA,NA,NA,NA,NA,NA,NA,NA,NA,NA,NA,NA,NA,NA,NA,NA,NA,NA,NA,NA,NA,NA,NA,NA,NA,NA,NA
PI 508414 ,NA,NA,NA,NA,NA,NA,NA,NA,NA,NA,NA,NA,NA,NA,NA,NA,NA,NA,NA,NA,NA,NA,NA,NA,NA,NA,NA,NA,NA,NA,NA,NA,NA,NA,NA,NA,NA,NA,NA,NA,NA,NA,NA,NA,NA,NA,NA,NA,NA,NA
PI 508422 ,NA,NA,NA,NA,NA,NA,NA,NA,NA,NA,NA,NA,NA,NA,NA,NA,NA,NA,NA,NA,NA,NA,NA,NA,NA,NA,NA,NA,NA,NA,NA,NA,NA,NA,NA,NA,NA,NA,NA,NA,NA,NA,NA,NA,NA,NA,NA,NA,NA,NA
PI 508421 ,NA,NA,NA,NA,NA,NA,NA,NA,NA,NA,NA,NA,NA,NA,NA,NA,NA,NA,NA,NA,NA,NA,NA,NA,NA,NA,NA,NA,NA,NA,NA,NA,NA,NA,NA,NA,NA,NA,NA,NA,NA,NA,NA,NA,NA,NA,NA,NA,NA,NA
PI 508416 ,NA,NA,NA,NA,NA,NA,NA,NA,NA,NA,NA,NA,NA,NA,NA,NA,NA,NA,NA,NA,NA,NA,NA,NA,NA,NA,NA,NA,NA,NA,NA,NA,NA,NA,NA,NA,NA,NA,NA,NA,NA,NA,NA,NA,NA,NA,NA,NA,NA,NA
PI 508418 ,NA,NA,NA,NA,NA,NA,NA,NA,NA,NA,NA,NA,NA,NA,NA,NA,NA,NA,NA,NA,NA,NA,NA,NA,NA,NA,NA,NA,NA,NA,NA,NA,NA,NA,NA,NA,NA,NA,NA,NA,NA,NA,NA,NA,NA,NA,NA,NA,NA,NA
PI 508420 ,NA,NA,NA,NA,NA,NA,NA,NA,NA,NA,NA,NA,NA,NA,NA,NA,NA,NA,NA,NA,NA,NA,NA,NA,NA,NA,NA,NA,NA,NA,NA,NA,NA,NA,NA,NA,NA,NA,NA,NA,NA,NA,NA,NA,NA,NA,NA,NA,NA,NA
PI 257236 ,NA,NA,NA,NA,NA,NA,NA,NA,NA,NA,NA,NA,NA,NA,NA,NA,NA,NA,NA,NA,NA,NA,NA,NA,NA,NA,NA,NA,NA,NA,NA,NA,NA,NA,NA,NA,NA,NA,NA,NA,NA,NA,NA,NA,NA,NA,NA,NA,NA,NA
PI 257238 ,NA,NA,NA,NA,NA,NA,NA,NA,NA,NA,NA,NA,NA,NA,NA,NA,NA,NA,NA,NA,NA,NA,NA,NA,NA,NA,NA,NA,NA,NA,NA,NA,NA,NA,NA,NA,NA,NA,NA,NA,NA,NA,NA,NA,NA,NA,NA,NA,NA,NA
PI 662620 ,NA,NA,NA,NA,NA,NA,NA,NA,NA,NA,NA,NA,NA,NA,NA,NA,NA,NA,NA,NA,NA,NA,NA,NA,NA,NA,NA,NA,NA,NA,NA,NA,NA,NA,NA,NA,NA,NA,NA,NA,NA,NA,NA,NA,NA,NA,NA,NA,NA,NA
G 30441 ,NA,NA,NA,NA,NA,NA,NA,NA,NA,NA,NA,NA,NA,NA,NA,NA,NA,NA,NA,NA,NA,NA,NA,NA,NA,NA,NA,NA,NA,NA,NA,NA,NA,NA,NA,NA,NA,NA,NA,NA,NA,NA,NA,NA,NA,NA,NA,NA,NA,NA
G 30787 ,NA,NA,NA,NA,NA,NA,NA,NA,NA,NA,NA,NA,NA,NA,NA,NA,NA,NA,NA,NA,NA,NA,NA,NA,NA,NA,NA,NA,NA,NA,NA,NA,NA,NA,NA,NA,NA,NA,NA,NA,NA,NA,NA,NA,NA,NA,NA,NA,NA,NA
PI 662616 ,NA,NA,NA,NA,NA,NA,NA,NA,NA,NA,NA,NA,NA,NA,NA,NA,NA,NA,NA,NA,NA,NA,NA,NA,NA,NA,NA,NA,NA,NA,NA,NA,NA,NA,NA,NA,NA,NA,NA,NA,NA,NA,NA,NA,NA,NA,NA,NA,NA,NA
,,,,,,,,,,,,,,,,,,,,,,,,,,,,,,,,,,,,,,,,,,,,,,,,,,
PI 227296 ,,,2.5,NA,1.1,17.2,13.7,10.2,0.9,8.2,0,0.9,40.9,0.6,0.3,1.4,,,,,,,,,32.44,,,,,,,,NA,,,NA,,,,,,,,,,,,,,NA
Ames 30080 ,,,3.08534,NA,1.33247,15.952,14.1049,9.25058,1.28442,8.47843,0.56251,1.08508,43.6625,0.64536,NA,0.38001,,,,,,,,,33.35,,,,,,,,NA,,,NA,,,,,,,,,,,,,,NA
Ames 30083 ,,,3.3628,NA,1.21586,18.282,15.4754,8.40307,1.11813,9.29499,0.58636,0.8875,40.1045,0.62679,NA,0.52052,,,,,,,,,32.51,,,,,,,,NA,,,NA,,,,,,,,,,,,,,NA
PI 169082 ,0.14,,3.1,NA,0.7,18.3,17.6,8.2,0.4,10.7,0,0.3,37.2,0.2,0.3,0,,,,,,,,DARK BROWN,30.28,,,,,,,,NA,,,NA,,,,,,,,,,,,,,NA
PI 662794 ,NA,NA,NA,NA,NA,NA,NA,NA,NA,NA,NA,NA,NA,NA,NA,NA,NA,NA,NA,NA,NA,NA,NA,NA,NA,NA,NA,NA,NA,NA,NA,NA,NA,NA,NA,NA,NA,NA,NA,NA,NA,NA,NA,NA,NA,NA,NA,NA,NA,NA
PI 649190 ,0.22,15.1; 16.1,2.27,0,0.8,14.53,13.47,9.67,0.6,9.57,0.6,0.73,45.13,0.73,0,1.47,123,YELLOW,165,2,138,218,,,30.89,22; 25,ERECT,4.68; 4.82,3.1; 3.5,,,,NA,,,NA,,,,,,,,,,,,,,NA
PI 649188 ,0.25,9; 10.4,2.47,0,0.9,14.3,15.73,8.93,0.7,8.87,0.7,0.93,43.67,0.87,0.17,1.67,117,YELLOW,182,2,138,224,,,27.58,19; 17,ERECT,4.74,3.25; 3.5,,,,NA,,,NA,,,,,,,,,,,,,,NA
PI 633161 ,0.29,13; 14.2,2.49,0,0.74,12.09,14.62,8.15,0.62,7.73,0.62,1,47,1.03,0,1.89,78,YELLOW,157,2,90,204,,,31.14,17; 15,ERECT,3.5; 4.11,3.83; 4.9,,,,NA,,,NA,,,,,,,,,,,,,,NA
PI 175608 ,0.17,,2.4,NA,0.2,18.3,21.3,10.2,0.2,9.4,0,0.2,34.6,0.1,0.1,0,,,,,,,,LIGHT BROWN,29.19,,,,,,,,NA,,,NA,,,,,,,,,,,,,,NA
PI 649162 ,0.26,,3.43,0,1.4,57.83,22.87,12.97,0.4,0,0,0,0.97,0,0,0,,,,,,,,,36.78,,,,,,,,NA,,,NA,,,,,,,,,,,,,,NA
PI 179189 ,0.26,20.6,,NA,,,,,,,NA,,,NA,NA,,,,,,,,,BLUE-BLACK,,23,,4.71,4.1,,,,NA,,,NA,,,,,,,,,,,,,,NA
PI 169061 ,0.165,13.2,2.6,NA,0.9,16.6,18.2,9,0.4,8.2,0,0.5,40.4,0.2,0,0,,,,2,,,,LIGHT BROWN,26.71,22,,3.88,3.9,,,,NA,,,NA,,,,,,,,,,,,,,NA
PI 127440 ,0.17,14.9,3,NA,1,15,18.4,12.3,0.3,4.9,0,0.5,39.8,1,0.2,0,,,,2,,,,,28.16,20,,4.48,3.9,,,,NA,,,NA,,,,,,,,,,,,,,NA
PI 162778 ,0.235,18.2,2.7,NA,0.9,16.7,16.2,13.9,0.7,6.8,0,0.9,36.5,0.5,0.3,0,,,,,,,,BLUE-BLACK,29.63,27,,3.99,4.4,,,,NA,,,NA,,,,,,,,,,,,,,NA
PI 212593 ,0.22,17.3,2.6,NA,1,17.6,16.7,13,0.6,7.5,0,0.6,36.9,0.3,0,0,,,,,,,,,30.03,26,,5.17,4,,,,NA,,,NA,,,,,,,,,,,,,,NA
PI 250004 ,0.29,19.3,2.4,NA,0.9,16.3,15.1,9.5,1.5,7.2,0,0.5,41.1,0.8,0.2,1.4,,,,,,,,,29.75,24,,4.23,4.9,,,,NA,,,NA,,,,,,,,,,,,,,NA
PI 662772 ,NA,NA,NA,NA,NA,NA,NA,NA,NA,NA,NA,NA,NA,NA,NA,NA,NA,NA,NA,NA,NA,NA,NA,NA,NA,NA,NA,NA,NA,NA,NA,NA,NA,NA,NA,NA,NA,NA,NA,NA,NA,NA,NA,NA,NA,NA,NA,NA,NA,NA
PI 662684 ,NA,NA,NA,NA,NA,NA,NA,NA,NA,NA,NA,NA,NA,NA,NA,NA,NA,NA,NA,NA,NA,NA,NA,NA,NA,NA,NA,NA,NA,NA,NA,NA,NA,NA,NA,NA,NA,NA,NA,NA,NA,NA,NA,NA,NA,NA,NA,NA,NA,NA
PI 649194 ,0.3,20.6; 22.9,3.73,0,1.6,58.1,21.33,13.5,0.5,0,0,0.1,1.03,0,0,0.07,110,YELLOW,182,2,123,224,,,28.44,25,HORIZONTAL,4.25; 4.26,4.3; 5,,,,NA,,,NA,,,,,,,,,,,,,,NA
PI 633168 ,0.225,,2.4,0,1.02,17.15,12.23,7.17,0.89,10.01,0.47,1.02,44.56,0.56,0,1.4,124,YELLOW,164,,132,,73.5,,36.83,,ERECT,,,,,,NA,,,NA,,,,,,,,,,,,,,NA
PI 633181 ,0.15,16.4,2.5,0,1.23,14.93,13.8,7.63,1.07,9.23,0.6,1.27,45.2,0.7,0.27,1.5,113,YELLOW,174,2,121,,69,BLUE-BLACK,28.42,28,ERECT,4.71,4.6,,,,NA,,,NA,,,,,,,,,,,,,,NA
PI 198061 ,0.2,11.2,3,NA,0.5,34.5,21.3,9.2,0,9.1,0,0,19.6,0,0,0,,,,2,,,,DARK BROWN,31.28,23,,4.2,3.9,,,,NA,,,NA,,,,,,,,,,,,,,NA
,,,,,,,,,,,,,,,,,,,,,,,,,,,,,,,,,,,,,,,,,,,,,,,,,,
PI 508417 ,NA,NA,NA,NA,NA,NA,NA,NA,NA,NA,NA,NA,NA,NA,NA,NA,NA,NA,NA,NA,NA,NA,NA,NA,NA,NA,NA,NA,NA,NA,NA,NA,NA,NA,NA,NA,NA,NA,NA,NA,NA,NA,NA,NA,NA,NA,NA,NA,NA,NA
PI 257241 ,0.27,12.4,2.1,NA,0.8,14.5,13.1,13.7,0.7,5,0,1,44.8,0.8,0.3,1.4,,,,2,,,,,31.75,23,,5.36,4.1,,,,NA,,,NA,,,,,,,,,,,,,,NA
PI 662690 ,NA,NA,NA,NA,NA,NA,NA,NA,NA,NA,NA,NA,NA,NA,NA,NA,NA,NA,NA,NA,NA,NA,NA,NA,NA,NA,NA,NA,NA,NA,NA,NA,NA,NA,NA,NA,NA,NA,NA,NA,NA,NA,NA,NA,NA,NA,NA,NA,NA,NA
PI 269437 ,NA,NA,NA,NA,NA,NA,NA,NA,NA,NA,NA,NA,NA,NA,NA,NA,NA,NA,NA,NA,NA,NA,NA,NA,NA,NA,NA,NA,NA,NA,NA,NA,NA,NA,NA,NA,NA,NA,NA,NA,NA,NA,NA,NA,NA,NA,NA,NA,NA,NA
G 32370 ,,,,NA,,,,,,,NA,,,NA,NA,,124,YELLOW,171,,132,,89.7,,,,ERECT,,,,,,NA,,,NA,,,,,,,,,,,,,,NA
PI 254542 ,0.155,9.33; 10.72,3.4,NA,1.2,16.9,21.1,12.5,0.8,6.2,0,0.8,32,0.8,0.3,1.4,160; 145,YELLOW,199,2,167; 164,214; 141,92; 110.1,,22.54,19,ERECT,4.25; 4.9,3.7; 3.67,,,,NA,,,NA,,,,,,,,,,,,,,NA
PI 662687 ,NA,NA,NA,NA,NA,NA,NA,NA,NA,NA,NA,NA,NA,NA,NA,NA,NA,NA,NA,NA,NA,NA,NA,NA,NA,NA,NA,NA,NA,NA,NA,NA,NA,NA,NA,NA,NA,NA,NA,NA,NA,NA,NA,NA,NA,NA,NA,NA,NA,NA
G30479 ,NA,NA,NA,NA,NA,NA,NA,NA,NA,NA,NA,NA,NA,NA,NA,NA,NA,NA,NA,NA,NA,NA,NA,NA,NA,NA,NA,NA,NA,NA,NA,NA,NA,NA,NA,NA,NA,NA,NA,NA,NA,NA,NA,NA,NA,NA,NA,NA,NA,NA
PI 662629 ,NA,NA,NA,NA,NA,NA,NA,NA,NA,NA,NA,NA,NA,NA,NA,NA,NA,NA,NA,NA,NA,NA,NA,NA,NA,NA,NA,NA,NA,NA,NA,NA,NA,NA,NA,NA,NA,NA,NA,NA,NA,NA,NA,NA,NA,NA,NA,NA,NA,NA
PI 662631 ,NA,NA,NA,NA,NA,NA,NA,NA,NA,NA,NA,NA,NA,NA,NA,NA,NA,NA,NA,NA,NA,NA,NA,NA,NA,NA,NA,NA,NA,NA,NA,NA,NA,NA,NA,NA,NA,NA,NA,NA,NA,NA,NA,NA,NA,NA,NA,NA,NA,NA
PI 662693 ,NA,NA,NA,NA,NA,NA,NA,NA,NA,NA,NA,NA,NA,NA,NA,NA,NA,NA,NA,NA,NA,NA,NA,NA,NA,NA,NA,NA,NA,NA,NA,NA,NA,NA,NA,NA,NA,NA,NA,NA,NA,NA,NA,NA,NA,NA,NA,NA,NA,NA
JCP0148 ,NA,NA,NA,NA,NA,NA,NA,NA,NA,NA,NA,NA,NA,NA,NA,NA,NA,NA,NA,NA,NA,NA,NA,NA,NA,NA,NA,NA,NA,NA,NA,NA,NA,NA,NA,NA,NA,NA,NA,NA,NA,NA,NA,NA,NA,NA,NA,NA,NA,NA
PI 649181 ,0.355,12.8,2.33,0,1.37,16,12.83,7.5,1.13,8.4,0.43,1.13,46.07,0.8,0.4,1.47,,,,2,,,,,31.88,18,,4.21,4,,,,NA,,,NA,,,,,,,,,,,,,,NA
PI 662642  ,NA,NA,NA,NA,NA,NA,NA,NA,NA,NA,NA,NA,NA,NA,NA,NA,NA,NA,NA,NA,NA,NA,NA,NA,NA,NA,NA,NA,NA,NA,NA,NA,NA,NA,NA,NA,NA,NA,NA,NA,NA,NA,NA,NA,NA,NA,NA,NA,NA,NA
PI 426248 ,,,2.4,NA,1,18.4,16.9,13.3,0.7,5.9,0,0.9,36.9,0.5,0,1,,,,,,,,BLUE-BLACK,29.3,,,,,,,,NA,,,NA,,,,,,,,,,,,,,NA
PI 603022 ,,,2.62318,NA,1.47328,18.6556,12.5109,7.18296,1.41213,8.96127,0.42851,1.17198,44.4307,0.56632,NA,0.30957,124,,156,,137,,,,41.35,,,,,,,,NA,,,NA,,,,,,,,,,,,,,NA
G 30623 ,NA,NA,NA,NA,NA,NA,NA,NA,NA,NA,NA,NA,NA,NA,NA,NA,NA,NA,NA,NA,NA,NA,NA,NA,NA,NA,NA,NA,NA,NA,NA,NA,NA,NA,NA,NA,NA,NA,NA,NA,NA,NA,NA,NA,NA,NA,NA,NA,NA,NA
PI 217933 ,0.34,,2.4,NA,0.9,17.1,14.3,10.2,1.1,6.8,0,1.2,40.6,0.7,0.4,1.3,,,,,,,,,30.73,,,,,,,,NA,,,NA,,,,,,,,,,,,,,NA
PI 250136 ,0.25,20.4,2.4,NA,1.2,16.3,13.8,9.4,1,6.6,0,1.1,43.1,0.9,0.4,1.6,135,YELLOW,181,2,145,123,76,DARK BROWN,27.88,20,ERECT,4.4,3.9,,,,NA,,,NA,,,,,,,,,,,,,,NA
JCP0026 ,NA,NA,NA,NA,NA,NA,NA,NA,NA,NA,NA,NA,NA,NA,NA,NA,NA,NA,NA,NA,NA,NA,NA,NA,NA,NA,NA,NA,NA,NA,NA,NA,NA,NA,NA,NA,NA,NA,NA,NA,NA,NA,NA,NA,NA,NA,NA,NA,NA,NA
PI 175096 ,0.17,15.6,3,NA,0.7,22.7,20.1,10.2,0.4,8.6,0,0.4,32.1,0.2,0,0,132,YELLOW,171,2,135,115,104,LIGHT BROWN,26.39,22,ERECT,4.09,4,,,,NA,,,NA,,,,,,,,,,,,,,NA
PI 269438 ,NA,NA,NA,NA,NA,NA,NA,NA,NA,NA,NA,NA,NA,NA,NA,NA,NA,NA,NA,NA,NA,NA,NA,NA,NA,NA,NA,NA,NA,NA,NA,NA,NA,NA,NA,NA,NA,NA,NA,NA,NA,NA,NA,NA,NA,NA,NA,NA,NA,NA
PI 603024 ,,,3,0,1.17,18.68,15.9,9.65,0.7,11.53,0.52,0.62,36.54,0.64,0,0.94,,,156,,137,,,,36.98,,,,,,,,NA,,,NA,,,,,,,,,,,,,,NA
PI 279857 ,NA,NA,NA,NA,NA,NA,NA,NA,NA,NA,NA,NA,NA,NA,NA,NA,NA,NA,NA,NA,NA,NA,NA,NA,NA,NA,NA,NA,NA,NA,NA,NA,NA,NA,NA,NA,NA,NA,NA,NA,NA,NA,NA,NA,NA,NA,NA,NA,NA,NA
