"Plant ID","Plant Name",Taxonomy,Origin,Material,"Maintained By",Availability
"CSR 209",ATR-5Ca,"Brassica rapa",Canada,,NC7,"Not Available"
"PI 649158","Ames 4555","Brassica rapa",Finland,Seed,NC7,"Add to Cart"
"PI 649159",Arktus,"Brassica rapa",Germany,Seed,NC7,"Add to Cart"
"NSL 6105","EARLY RED/PURPLETOP","Brassica rapa","United States",Seed,NSSL,"Not Available"
"NSL 6106","EARLY WHITE FLAT DUTCH","Brassica rapa","United States",Seed,NSSL,"Not Available"
"NSL 6107","EXTRA EARLY PURPLETOP MILAN","Brassica rapa","United States",Seed,NSSL,"Not Available"
"NSL 6108","EXTRA EARLY WHITE MILAN","Brassica rapa","United States",Seed,NSSL,"Not Available"
"NSL 6109","GOLDEN BALL","Brassica rapa","United States",Seed,NSSL,"Not Available"
"NSL 6110","IMPROVED PURPLE TOP YELLOW","Brassica rapa","United States",Seed,NSSL,"Not Available"
"NSL 6111","LARGE AMBER YELLOW GLOBE","Brassica rapa","United States",Seed,NSSL,"Not Available"
"NSL 6112","LARGE WHITE NORFOLK GLOBE","Brassica rapa","United States",Seed,NSSL,"Not Available"
"NSL 6114","LONG WHITE COWHORN","Brassica rapa","United States",Seed,NSSL,"Not Available"
"NSL 6115",MACOMBER,"Brassica rapa","United States",Seed,NSSL,"Not Available"
"NSL 6116","MAMMOTH PURPLETOP WHITE GLOBE","Brassica rapa","United States",Seed,NSSL,"Not Available"
"NSL 6117","POMERANIAN WHITE GLOBE","Brassica rapa","United States",Seed,NSSL,"Not Available"
"NSL 6119","PURPLETOP WHITE GLOBE","Brassica rapa","United States",Seed,NSSL,"Not Available"
"NSL 6120","PURPLE TOP YELLOW ABERDEEN","Brassica rapa","United States",Seed,NSSL,"Not Available"
"NSL 6121","SEVEN TOP","Brassica rapa","United States",Seed,NSSL,"Not Available"
"NSL 6122","SHOGOIN JAPANESE SALAD","Brassica rapa","United States",Seed,NSSL,"Not Available"
"NSL 6125","SOUTHERN PRIZE","Brassica rapa","United States",Seed,NSSL,"Not Available"
"NSL 6126","WHITE EGG","Brassica rapa","United States",Seed,NSSL,"Not Available"
"NSL 6558","PURPLETOP MILAN","Brassica rapa","United States",Seed,NSSL,"Not Available"
"NSL 6559","PURPLETOP STRAP LEAF","Brassica rapa","United States",Seed,NSSL,"Not Available"
"NSL 6560","YELLOW ABERDEEN PURPLETOP","Brassica rapa","United States",Seed,NSSL,"Not Available"
"NSL 6561","WHITE FLAT DUTCH","Brassica rapa","United States",Seed,NSSL,"Not Available"
"NSL 6663","WHITE FLAT DUTCH","Brassica rapa","United States",Seed,NSSL,"Not Available"
"NSL 6694","YELLOW ABERDEEN PURPLETOP","Brassica rapa","United States",Seed,NSSL,"Not Available"
"NSL 6695","PURPLETOP STRAP LEAF","Brassica rapa","United States",Seed,NSSL,"Not Available"
"Ames 7572","B 49786","Brassica rapa",India,Seed,NC7,"Add to Cart"
"PI 649160","BC 17","Brassica rapa",India,Seed,NC7,"Add to Cart"
"Ames 9245","Bulked into Ames 25989","Brassica rapa",India,Seed,NC7,"Not Available"
"Ames 9246","BC 19","Brassica rapa",India,Seed,NC7,"Not Available"
"Ames 9247","Bulked into Ames 25989","Brassica rapa",India,Seed,NC7,"Not Available"
"Ames 9248","BC 22","Brassica rapa",India,Seed,NC7,"Not Available"
"Ames 9249","Bulked into Ames 25989","Brassica rapa",India,Seed,NC7,"Not Available"
"Ames 9250","BCB 5","Brassica rapa",India,Seed,NC7,"Not Available"
"PI 649161","BCB 1","Brassica rapa",India,Seed,NC7,"Add to Cart"
"Ames 9253","Bulked into Ames 26159","Brassica rapa",India,,NC7,"Not Available"
"Ames 9254","I.B. 603","Brassica rapa",India,Seed,NC7,"Not Available"
"Ames 9255","I.B. 605","Brassica rapa",India,Seed,NC7,"Not Available"
"Ames 9256","I.B. 606","Brassica rapa",India,Seed,NC7,"Not Available"
"Ames 9257","I.B. 607","Brassica rapa",India,Seed,NC7,"Not Available"
"NSL 9363","AMBER GLOBE","Brassica rapa",,Seed,NSSL,"Not Available"
"Ames 15643",CrGC-8,"Brassica rapa","United States",Seed,NC7,"Not Available"
"PI 633152",CrGC-1,"Brassica rapa","United States",Seed,NC7,"Add to Cart"
"PI 649162",47-560,"Brassica rapa",Sweden,Seed,NC7,"Add to Cart"
"PI 649163",47-559,"Brassica rapa",Sweden,Seed,NC7,"Add to Cart"
"PI 633153","Ames 21502","Brassica rapa",France,Seed,NC7,"Add to Cart"
"PI 633154",K-408,"Brassica rapa",Pakistan,Seed,NC7,"Add to Cart"
"PI 633155",K-568,"Brassica rapa",Pakistan,Seed,NC7,"Add to Cart"
"PI 633156",K-592,"Brassica rapa",Pakistan,Seed,NC7,"Add to Cart"
"PI 633157",K-648,"Brassica rapa",Pakistan,Seed,NC7,"Add to Cart"
"Ames 21738",K-956,"Brassica rapa",Pakistan,Seed,NC7,"Add to Cart"
"PI 633158",K-945,"Brassica rapa",Pakistan,Seed,NC7,"Add to Cart"
"PI 649164",K-100,"Brassica rapa",Pakistan,Seed,NC7,"Add to Cart"
"PI 633159","Su Weon","Brassica rapa","Korea, South",Seed,NC7,"Add to Cart"
"Ames 21779","Bajo Local","Brassica rapa",Bhutan,"Plant, Seed",NC7,"Not Available"
"Ames 21780","89 LSVE","Brassica rapa",Bhutan,"Plant, Seed",NC7,"Not Available"
"Ames 21781",Kikothang,"Brassica rapa",Bhutan,"Plant, Seed",NC7,"Not Available"
"Ames 21782",Pangsibi,"Brassica rapa",Bhutan,"Plant, Seed",NC7,"Not Available"
"Ames 21783",Phubjikha,"Brassica rapa",Bhutan,Seed,NC7,"Not Available"
"Ames 21784",Sathpokhari,"Brassica rapa",Bhutan,"Plant, Seed",NC7,"Not Available"
"G 22537","English Broadleaf Rape","Brassica rapa",France,Seed,NE9,"Not Available"
"G 28885","Cima Di Broccoletti Precoce","Brassica rapa",Italy,Seed,NC7,"Not Available"
"G 30657",,"Brassica rapa",Algeria,Seed,NE9,"Not Available"
"PI 662684",Sessantina,"Brassica rapa",Italy,Seed,NE9,"Add to Cart"
"PI 662728","G 30972","Brassica rapa",China,Seed,NE9,"Add to Cart"
"PI 662729","60 Day","Brassica rapa",China,Seed,NE9,"Add to Cart"
"PI 662730","Red Stem","Brassica rapa",China,Seed,NE9,"Add to Cart"
"NSL 31368","TOKYO MARKET","Brassica rapa","United States",Seed,NSSL,"Not Available"
"NSL 32703",SHOGIN,"Brassica rapa","United States",Seed,NSSL,"Not Available"
"NSL 32704",COWHORN,"Brassica rapa","United States",Seed,NC7,"Not Available"
"NSL 32804","WHITE EGG","Brassica rapa","United States","Plant, Seed",NC7,", Add to Cart"
"NSL 34675",RAPPONE,"Brassica rapa","United States",Seed,NSSL,"Not Available"
"NSL 37048",SHOGOIN,"Brassica rapa","United States",Seed,NSSL,"Not Available"
"NSL 42980",CRAWFORD,"Brassica rapa","United States",Seed,NSSL,"Not Available"
"NSL 80311","EXTRA EARLY PURPLE-TOP MILAN","Brassica rapa","United States",Seed,NSSL,"Not Available"
"NSL 91609","TENDER GREEN","Brassica rapa","United States",Seed,NSSL,"Not Available"
"PI 115885",,"Brassica rapa",India,Seed,NC7,"Add to Cart"
"PI 116021",,"Brassica rapa",India,Seed,NC7,"Add to Cart"
"PI 120911",,"Brassica rapa",Turkey,Seed,NC7,"Not Available"
"PI 121839",Samson,"Brassica rapa",India,Seed,NC7,"Not Available"
"PI 125795",,"Brassica rapa",Afghanistan,Seed,NC7,"Add to Cart"
"PI 125796",Shelgarn,"Brassica rapa",Afghanistan,Seed,NC7,"Not Available"
"PI 125797",,"Brassica rapa",Afghanistan,Seed,NC7,"Add to Cart"
"PI 125798",,"Brassica rapa",Afghanistan,Seed,NC7,"Add to Cart"
"PI 125799",Shelgarn,"Brassica rapa",Afghanistan,Seed,NC7,"Not Available"
"PI 125800",,"Brassica rapa",Afghanistan,Seed,NC7,"Not Available"
"PI 127440",,"Brassica rapa",Afghanistan,Seed,NC7,"Add to Cart"
"PI 134692",,"Brassica rapa",Afghanistan,Seed,NC7,"Add to Cart"
"PI 135821",,"Brassica rapa",Afghanistan,Seed,NC7,"Add to Cart"
"PI 135871",,"Brassica rapa",Pakistan,Seed,NC7,"Add to Cart"
"PI 138894",,"Brassica rapa",Iran,Seed,NC7,"Add to Cart"
"PI 141585",Shelgam,"Brassica rapa",Iran,Seed,NC7,"Not Available"
"PI 162778",NABO,"Brassica rapa",Argentina,Seed,NC7,"Add to Cart"
"PI 163496",SHELGHAM,"Brassica rapa",India,Seed,NC7,"Add to Cart"
"PI 163497",SHELGHAM,"Brassica rapa",India,Seed,NC7,"Add to Cart"
"PI 163498",SHELGHAM,"Brassica rapa",India,Seed,NC7,"Add to Cart"
"PI 164398",SHELGHAM,"Brassica rapa",India,Seed,NC7,"Add to Cart"
"PI 164468",,"Brassica rapa",India,Seed,NC7,"Add to Cart"
"PI 164494",SHELGHAM,"Brassica rapa",India,Seed,NC7,"Add to Cart"
"PI 164542",SHELGHAM,"Brassica rapa",India,Seed,NC7,"Add to Cart"
"PI 164841",,"Brassica rapa",India,Seed,NC7,"Add to Cart"
"PI 165595",SARSON,"Brassica rapa",India,Seed,NC7,"Add to Cart"
"PI 165608",SARSON,"Brassica rapa",India,Seed,NC7,"Add to Cart"
"PI 166063",,"Brassica rapa",India,Seed,NC7,"Add to Cart"
"NSL 167291",CRAMER,"Brassica rapa","United States",Seed,NSSL,"Not Available"
"PI 169061",,"Brassica rapa",Turkey,Seed,NC7,"Add to Cart"
"PI 169064",,"Brassica rapa",Turkey,Seed,NC7,"Add to Cart"
"PI 169070",,"Brassica rapa",Turkey,Seed,NC7,"Add to Cart"
"PI 169074",AUTUMNALIS,"Brassica rapa",Turkey,Seed,NC7,"Add to Cart"
"PI 169079",,"Brassica rapa",Turkey,Seed,NC7,"Add to Cart"
"PI 169081",,"Brassica rapa",Turkey,Seed,NC7,"Add to Cart"
"PI 169082",,"Brassica rapa",Turkey,Seed,NC7,"Add to Cart"
"PI 169084",,"Brassica rapa",Turkey,Seed,NC7,"Not Available"
"PI 169088",,"Brassica rapa",Turkey,Seed,NC7,"Add to Cart"
"PI 169089",,"Brassica rapa",Turkey,Seed,NC7,"Add to Cart"
"PI 169091",,"Brassica rapa",Turkey,Seed,NC7,"Add to Cart"
"PI 169092",,"Brassica rapa",Turkey,Seed,NC7,"Add to Cart"
"PI 169093",,"Brassica rapa",Turkey,Seed,NC7,"Add to Cart"
"PI 169094",,"Brassica rapa",Turkey,Seed,NC7,"Add to Cart"
"PI 169095",,"Brassica rapa",Turkey,Seed,NC7,"Add to Cart"
"PI 169096",,"Brassica rapa",Turkey,Seed,NC7,"Add to Cart"
"PI 169097",,"Brassica rapa",Turkey,Seed,NC7,"Add to Cart"
"PI 170032",,"Brassica rapa",Turkey,Seed,NC7,"Add to Cart"
"PI 171521",,"Brassica rapa",Turkey,Seed,NC7,"Add to Cart"
"PI 173846",SARSON,"Brassica rapa",India,Seed,NC7,"Add to Cart"
"PI 173848",SARSON,"Brassica rapa",India,Seed,NC7,"Add to Cart"
"PI 173849",SARSON,"Brassica rapa",India,Seed,NC7,"Add to Cart"
"PI 173852",SARSON,"Brassica rapa",India,Seed,NC7,"Add to Cart"
"PI 173864",,"Brassica rapa",Nepal,Seed,NC7,"Add to Cart"
"PI 173868",,"Brassica rapa",India,Seed,NC7,"Add to Cart"
"PI 173871",,"Brassica rapa",India,Seed,NC7,"Add to Cart"
"PI 174793",SARSON,"Brassica rapa",India,Seed,NC7,"Add to Cart"
"PI 174794",SARSON,"Brassica rapa",India,Seed,NC7,"Add to Cart"
"PI 174796",,"Brassica rapa",India,Seed,NC7,"Add to Cart"
"PI 174799",,"Brassica rapa",India,Seed,NC7,"Add to Cart"
"PI 174803",,"Brassica rapa",India,Seed,NC7,"Add to Cart"
"PI 174804",,"Brassica rapa",India,Seed,NC7,"Add to Cart"
"PI 174805",,"Brassica rapa",India,Seed,NC7,"Add to Cart"
"PI 174806",,"Brassica rapa",India,Seed,NC7,"Add to Cart"
"PI 174807",,"Brassica rapa",India,Seed,NC7,"Add to Cart"
"PI 174808",,"Brassica rapa",India,Seed,NC7,"Add to Cart"
"PI 175048",SARSON,"Brassica rapa",India,Seed,NC7,"Add to Cart"
"PI 175049",SARSON,"Brassica rapa",India,Seed,NC7,"Add to Cart"
"PI 175050",SARSON,"Brassica rapa",India,Seed,NC7,"Add to Cart"
"PI 175052",SARSON,"Brassica rapa",India,Seed,NC7,"Add to Cart"
"PI 175054",,"Brassica rapa",India,Seed,NC7,"Add to Cart"
"PI 175055",,"Brassica rapa",India,Seed,NC7,"Add to Cart"
"PI 175056",,"Brassica rapa",India,Seed,NC7,"Add to Cart"
"PI 175057",,"Brassica rapa",India,Seed,NC7,"Add to Cart"
"PI 175061",,"Brassica rapa",India,Seed,NC7,"Add to Cart"
"PI 175063",,"Brassica rapa",India,Seed,NC7,"Add to Cart"
"PI 175064",,"Brassica rapa",India,Seed,NC7,"Add to Cart"
"PI 175066",,"Brassica rapa",Nepal,Seed,NC7,"Add to Cart"
"PI 175067",,"Brassica rapa",Nepal,Seed,NC7,"Add to Cart"
"PI 175070",,"Brassica rapa",India,Seed,NC7,"Add to Cart"
"PI 175076",,"Brassica rapa",India,Seed,NC7,"Add to Cart"
"PI 175077",,"Brassica rapa",India,Seed,NC7,"Add to Cart"
"PI 175078",,"Brassica rapa",India,Seed,NC7,"Add to Cart"
"PI 175079",,"Brassica rapa",India,Seed,NC7,"Add to Cart"
"PI 175080",,"Brassica rapa",India,Seed,NC7,"Add to Cart"
"PI 175081",,"Brassica rapa",India,Seed,NC7,"Add to Cart"
"PI 175083",,"Brassica rapa",India,Seed,NC7,"Add to Cart"
"PI 175084",SARSON,"Brassica rapa",India,Seed,NC7,"Add to Cart"
"PI 175085",,"Brassica rapa",India,Seed,NC7,"Add to Cart"
"PI 175086",,"Brassica rapa",India,Seed,NC7,"Add to Cart"
"PI 175087",,"Brassica rapa",India,Seed,NC7,"Add to Cart"
"PI 175088",,"Brassica rapa",India,Seed,NC7,"Add to Cart"
"PI 175089",,"Brassica rapa",India,Seed,NC7,"Add to Cart"
"PI 175090",,"Brassica rapa",India,Seed,NC7,"Add to Cart"
"PI 175091",,"Brassica rapa",India,Seed,NC7,"Add to Cart"
"PI 175092",,"Brassica rapa",India,Seed,NC7,"Add to Cart"
"PI 175093",,"Brassica rapa",India,Seed,NC7,"Add to Cart"
"PI 175094",SARSON,"Brassica rapa",India,Seed,NC7,"Add to Cart"
"PI 175095",,"Brassica rapa",India,Seed,NC7,"Add to Cart"
"PI 175096",,"Brassica rapa",India,Seed,NC7,"Add to Cart"
"PI 175608",,"Brassica rapa",Turkey,Seed,NC7,"Add to Cart"
"PI 600937","Royal Gem","Brassica rapa","United States",Seed,NC7,"Add to Cart"
"PI 176876",,"Brassica rapa",Turkey,Seed,NC7,"Not Available"
"PI 176885",,"Brassica rapa",Turkey,Seed,NC7,"Add to Cart"
"PI 177286",,"Brassica rapa",Turkey,Seed,NC7,"Add to Cart"
"PI 178841",,"Brassica rapa",Turkey,Seed,NC7,"Add to Cart"
"PI 179181",,"Brassica rapa",Turkey,Seed,NC7,"Add to Cart"
"PI 179182",,"Brassica rapa",Turkey,Seed,NC7,"Add to Cart"
"PI 179184",,"Brassica rapa",Turkey,Seed,NC7,"Add to Cart"
"PI 179189",,"Brassica rapa",Iraq,Seed,NC7,"Add to Cart"
"PI 179638",,"Brassica rapa",India,Seed,NC7,"Add to Cart"
"PI 179641","NU 52002","Brassica rapa",India,Seed,NC7,"Add to Cart"
"PI 179642",,"Brassica rapa",India,Seed,NC7,"Add to Cart"
"PI 179643",,"Brassica rapa",India,Seed,NC7,"Add to Cart"
"PI 179646",,"Brassica rapa",India,Seed,NC7,"Add to Cart"
"PI 179650",,"Brassica rapa",India,Seed,NC7,"Not Available"
"PI 179652",,"Brassica rapa",India,Seed,NC7,"Add to Cart"
"PI 179847",,"Brassica rapa",India,Seed,NC7,"Add to Cart"
"PI 179848",,"Brassica rapa",Pakistan,Seed,NC7,"Add to Cart"
"PI 179849",,"Brassica rapa",India,Seed,NC7,"Add to Cart"
"PI 179853",,"Brassica rapa",India,Seed,NC7,"Add to Cart"
"PI 179856",,"Brassica rapa",India,Seed,NC7,"Not Available"
"PI 179863",,"Brassica rapa",India,Seed,NC7,"Add to Cart"
"PI 180261",SARSON,"Brassica rapa",India,Seed,NC7,"Add to Cart"
"PI 180262",SARSON,"Brassica rapa",India,Seed,NC7,"Add to Cart"
"PI 180263",,"Brassica rapa",India,Seed,NC7,"Add to Cart"
"PI 180411",SARSON,"Brassica rapa",India,Seed,NC7,"Add to Cart"
"PI 180412",SARSON,"Brassica rapa",India,Seed,NC7,"Add to Cart"
"PI 181013",SARSON,"Brassica rapa",Pakistan,Seed,NC7,"Add to Cart"
"PI 181024",,"Brassica rapa",Pakistan,Seed,NC7,"Add to Cart"
"PI 182918",,"Brassica rapa",India,Seed,NC7,"Add to Cart"
"PI 182922",,"Brassica rapa",India,Seed,NC7,"Add to Cart"
"PI 182923",MIXTURE,"Brassica rapa",India,Seed,NC7,"Add to Cart"
"PI 182924",,"Brassica rapa",India,Seed,NC7,"Add to Cart"
"PI 183019",,"Brassica rapa",India,Seed,NC7,"Add to Cart"
"PI 183391",SARSON,"Brassica rapa",India,Seed,NC7,"Add to Cart"
"PI 183394",,"Brassica rapa",India,Seed,NC7,"Add to Cart"
"PI 183395",,"Brassica rapa",India,Seed,NC7,"Add to Cart"
"PI 183396",,"Brassica rapa",India,Seed,NC7,"Add to Cart"
"PI 183438",,"Brassica rapa",India,Seed,NC7,"Add to Cart"
"PI 183664",,"Brassica rapa",Turkey,Seed,NC7,"Add to Cart"
"PI 183917",SARSON,"Brassica rapa",India,Seed,NC7,"Add to Cart"
"PI 183918",,"Brassica rapa",India,Seed,NC7,"Add to Cart"
"PI 183919",,"Brassica rapa",India,Seed,NC7,"Add to Cart"
"PI 183921",,"Brassica rapa",India,Seed,NC7,"Add to Cart"
"PI 198061",,"Brassica rapa",Sweden,Seed,NC7,"Add to Cart"
"PI 198062",,"Brassica rapa",Sweden,Seed,NC7,"Add to Cart"
"PI 198150",,"Brassica rapa",India,Seed,NC7,"Add to Cart"
"PI 204683",,"Brassica rapa",Turkey,Seed,NC7,"Add to Cart"
"PI 205283",,"Brassica rapa",Turkey,Seed,NC7,"Add to Cart"
"PI 207463","NO. 12627","Brassica rapa",Afghanistan,Seed,NC7,"Add to Cart"
"PI 207464","NO. 12638","Brassica rapa",Afghanistan,Seed,NC7,"Add to Cart"
"PI 207465",,"Brassica rapa",Afghanistan,Seed,NC7,"Add to Cart"
"PI 209020",,"Brassica rapa","Puerto Rico",Seed,NC7,"Add to Cart"
"PI 211582",,"Brassica rapa",Afghanistan,Seed,NC7,"Add to Cart"
"PI 211583",,"Brassica rapa",Afghanistan,Seed,NC7,"Add to Cart"
"PI 211719",,"Brassica rapa",Afghanistan,Seed,NC7,"Not Available"
"PI 212081",,"Brassica rapa",Afghanistan,Seed,NC7,"Add to Cart"
"PI 212083",,"Brassica rapa",Afghanistan,Seed,NC7,"Add to Cart"
"PI 212593",,"Brassica rapa",Afghanistan,Seed,NC7,"Add to Cart"
"PI 215578",,"Brassica rapa",India,Seed,NC7,"Add to Cart"
"PI 217514",,"Brassica rapa",Pakistan,Seed,NC7,"Add to Cart"
"PI 217515",,"Brassica rapa",Pakistan,Seed,NC7,"Add to Cart"
"PI 217931",SARSON,"Brassica rapa",Pakistan,Seed,NC7,"Add to Cart"
"PI 217932",,"Brassica rapa",Pakistan,Seed,NC7,"Add to Cart"
"PI 217933",,"Brassica rapa",Pakistan,Seed,NC7,"Add to Cart"
"PI 217936",,"Brassica rapa",Pakistan,Seed,NC7,"Add to Cart"
"PI 601445",MOSA,"Brassica rapa",Netherlands,Seed,NC7,"Add to Cart"
"PI 219904",,"Brassica rapa",Afghanistan,Seed,NC7,"Add to Cart"
"PI 220774",,"Brassica rapa",Afghanistan,Seed,NC7,"Add to Cart"
"PI 222236",,"Brassica rapa",Iran,Seed,NC7,"Add to Cart"
"PI 223499",SHALGHEM,"Brassica rapa",Afghanistan,Seed,NC7,"Add to Cart"
"PI 223500",,"Brassica rapa",Afghanistan,Seed,NC7,"Add to Cart"
"PI 223501",SHALGHEM,"Brassica rapa",Afghanistan,Seed,NC7,"Add to Cart"
"PI 223757",,"Brassica rapa",Afghanistan,Seed,NC7,"Add to Cart"
"PI 223759",,"Brassica rapa",Afghanistan,Seed,NC7,"Add to Cart"
"PI 226505",,"Brassica rapa",Iran,Seed,NC7,"Add to Cart"
"PI 227296",SHELGHAM,"Brassica rapa",Iran,Seed,NC7,"Add to Cart"
"PI 246928",,"Brassica rapa",Afghanistan,Seed,NC7,"Add to Cart"
"PI 250004",,"Brassica rapa",Egypt,Seed,NC7,"Add to Cart"
"PI 250129",,"Brassica rapa",Pakistan,Seed,NC7,"Add to Cart"
"PI 250132",,"Brassica rapa",Pakistan,Seed,NC7,"Add to Cart"
"PI 250136",,"Brassica rapa",Pakistan,Seed,NC7,"Add to Cart"
"PI 250138",,"Brassica rapa",Pakistan,Seed,NC7,"Add to Cart"
"PI 251235",,"Brassica rapa",Pakistan,Seed,NC7,"Add to Cart"
"PI 251237",,"Brassica rapa",Pakistan,Seed,NC7,"Add to Cart"
"PI 251238",SARSON,"Brassica rapa",Pakistan,Seed,NC7,"Add to Cart"
"PI 251240",,"Brassica rapa",Pakistan,Seed,NC7,"Add to Cart"
"PI 251326",,"Brassica rapa",Iran,Seed,NC7,"Add to Cart"
"PI 254358",,"Brassica rapa",India,Seed,NC7,"Add to Cart"
"PI 254359",,"Brassica rapa",India,Seed,NC7,"Add to Cart"
"PI 254360",,"Brassica rapa",India,Seed,NC7,"Add to Cart"
"PI 254540",,"Brassica rapa",Iraq,Seed,NC7,"Add to Cart"
"PI 254541",SARSON,"Brassica rapa",Afghanistan,Seed,NC7,"Add to Cart"
"PI 254542",,"Brassica rapa",Afghanistan,Seed,NC7,"Add to Cart"
"PI 254543",,"Brassica rapa",Afghanistan,Seed,NC7,"Add to Cart"
"PI 254544",SARSON,"Brassica rapa",Afghanistan,Seed,NC7,"Add to Cart"
"PI 256054","NO. 1","Brassica rapa",Afghanistan,Seed,NC7,"Add to Cart"
"PI 257229","Ming Hou, Chines White","Brassica rapa",China,Seed,NC7,"Add to Cart"
"PI 257230","Ming Hou, Chinese White","Brassica rapa",China,Seed,NC7,"Add to Cart"
"PI 257241",,"Brassica rapa",China,Seed,NC7,"Add to Cart"
"PI 262988","MEETPESLAND ROUND","Brassica rapa",Netherlands,Seed,NC7,"Add to Cart"
"PI 263053",,"Brassica rapa",Estonia,Seed,NC7,"Add to Cart"
"PI 263054",,"Brassica rapa","Russian Federation",Seed,NC7,"Add to Cart"
"PI 263055",,"Brassica rapa","Russian Federation",Seed,NC7,"Add to Cart"
"PI 264139",,"Brassica rapa",Sweden,Seed,NC7,"Add to Cart"
"PI 267726",,"Brassica rapa",Japan,Seed,NC7,"Add to Cart"
"PI 268366",77-873,"Brassica rapa",Afghanistan,Seed,NC7,"Add to Cart"
"PI 268367",,"Brassica rapa",Afghanistan,Seed,NC7,"Add to Cart"
"PI 268368",SHALGHAM,"Brassica rapa",Afghanistan,Seed,NC7,"Add to Cart"
"PI 268369",,"Brassica rapa",Afghanistan,Seed,NC7,"Add to Cart"
"PI 268371",,"Brassica rapa",Afghanistan,Seed,NC7,"Add to Cart"
"PI 269431",SARSON,"Brassica rapa",Pakistan,Seed,NC7,"Add to Cart"
"PI 269434",,"Brassica rapa",Pakistan,Seed,NC7,"Add to Cart"
"PI 269439",,"Brassica rapa",Pakistan,Seed,NC7,"Add to Cart"
"PI 269441","COL. NO. 450","Brassica rapa",Pakistan,Seed,NC7,"Add to Cart"
"PI 269442",,"Brassica rapa",Pakistan,Seed,NC7,"Add to Cart"
"PI 269443",,"Brassica rapa",Pakistan,Seed,NC7,"Add to Cart"
"PI 269444",,"Brassica rapa",Pakistan,Seed,NC7,"Add to Cart"
"PI 269445",,"Brassica rapa",Pakistan,Seed,NC7,"Add to Cart"
"PI 269446","COL. NO. 976","Brassica rapa",Pakistan,Seed,NC7,"Add to Cart"
"PI 269447",,"Brassica rapa",Pakistan,Seed,NC7,"Add to Cart"
"PI 269450",SARSON,"Brassica rapa",Pakistan,Seed,NC7,"Add to Cart"
"PI 269451",,"Brassica rapa",Pakistan,Seed,NC7,"Add to Cart"
"PI 269452",,"Brassica rapa",Pakistan,Seed,NC7,"Add to Cart"
"PI 271041",,"Brassica rapa",India,Seed,NC7,"Add to Cart"
"PI 271443",SARSON,"Brassica rapa",India,Seed,NC7,"Add to Cart"
"PI 271447",1165,"Brassica rapa",India,Seed,NC7,"Add to Cart"
"PI 271448",1186,"Brassica rapa",India,Seed,NC7,"Add to Cart"
"PI 271449",1294,"Brassica rapa",India,Seed,NC7,"Not Available"
"PI 277404",,"Brassica rapa",Pakistan,Seed,NC7,"Add to Cart"
"PI 278766",ARLO,"Brassica rapa",Sweden,Seed,NC7,"Add to Cart"
"PI 286416",,"Brassica rapa",Nepal,Seed,NC7,"Add to Cart"
"PI 288723",,"Brassica rapa",India,Seed,NC7,"Add to Cart"
"PI 288728",,"Brassica rapa",India,Seed,NC7,"Add to Cart"
"PI 288729",,"Brassica rapa",India,Seed,NC7,"Add to Cart"
"PI 296383",,"Brassica rapa",Iran,Seed,NC7,"Not Available"
"PI 303134","EARLY SNOWBALL","Brassica rapa",Netherlands,Seed,NC7,"Add to Cart"
"PI 303135",,"Brassica rapa",Netherlands,Seed,NC7,"Add to Cart"
"PI 303136","PETROWSKI YELLOW","Brassica rapa",Netherlands,"Plant, Seed",NC7,", Add to Cart"
"PI 305274",,"Brassica rapa",Sweden,Seed,NC7,"Add to Cart"
"PI 305275","NU 52003","Brassica rapa",Sweden,Seed,NC7,"Add to Cart"
"PI 311711","NU 51567","Brassica rapa",Chile,Seed,NC7,"Add to Cart"
"PI 311723","NU 51568","Brassica rapa",Poland,Seed,NC7,"Add to Cart"
"PI 312124","NU 46701","Brassica rapa",Guatemala,Seed,NC7,"Add to Cart"
"PI 312845","NU 51599","Brassica rapa",Sweden,Seed,NC7,"Add to Cart"
"PI 312846","NU 51637","Brassica rapa",Sweden,Seed,NC7,"Add to Cart"
"PI 312847",,"Brassica rapa",Sweden,Seed,NC7,"Add to Cart"
"PI 312903",77-368,"Brassica rapa",Poland,Seed,NC7,"Add to Cart"
"PI 314137","SZ62-11,0 ERUCIC ACID","Brassica rapa",Canada,Seed,NC7,"Add to Cart"
"PI 319413","BC 15","Brassica rapa",India,Seed,NC7,"Add to Cart"
"PI 319417","NU 45454","Brassica rapa","United States",Seed,NC7,"Add to Cart"
"PI 319692","BC 7","Brassica rapa",India,Seed,NC7,"Add to Cart"
"PI 319693","BC 12","Brassica rapa",India,Seed,NC7,"Add to Cart"
"PI 319694","BC 3","Brassica rapa",India,Seed,NC7,"Add to Cart"
"PI 323939",,"Brassica rapa","New Zealand",Seed,NC7,"Add to Cart"
"PI 324507",,"Brassica rapa",Brazil,Seed,NC7,"Add to Cart"
"PI 340178","I.B. 385","Brassica rapa",India,Seed,NC7,"Add to Cart"
"PI 340179","I.B. 351","Brassica rapa",India,Seed,NC7,"Add to Cart"
"PI 340180","I.B. 114","Brassica rapa",India,Seed,NC7,"Add to Cart"
"PI 340181","I.B. 248","Brassica rapa",India,Seed,NC7,"Add to Cart"
"PI 340182","I.B. 113","Brassica rapa",India,Seed,NC7,"Add to Cart"
"PI 340183","I.B. 167","Brassica rapa",India,Seed,NC7,"Add to Cart"
"PI 340184","I.B. 112","Brassica rapa",India,Seed,NC7,"Add to Cart"
"PI 340185","I.B. 156","Brassica rapa",India,Seed,NC7,"Add to Cart"
"PI 340186","I.B. 87","Brassica rapa",India,Seed,NC7,"Add to Cart"
"PI 340187","I.B. 249","Brassica rapa",India,Seed,NC7,"Add to Cart"
"PI 340188","I.B. 269","Brassica rapa",India,Seed,NC7,"Add to Cart"
"PI 340189","I.B. 289","Brassica rapa",India,Seed,NC7,"Add to Cart"
"PI 340190","I.B. 340","Brassica rapa",India,Seed,NC7,"Add to Cart"
"PI 340191","I.B. 384","Brassica rapa",India,Seed,NC7,"Add to Cart"
"PI 340192","I.B. 577","Brassica rapa",India,Seed,NC7,"Add to Cart"
"PI 340193","I.B. 581","Brassica rapa",India,Seed,NC7,"Add to Cart"
"PI 340194","I.B. 582","Brassica rapa",India,Seed,NC7,"Add to Cart"
"PI 340195","I.B. 583","Brassica rapa",India,Seed,NC7,"Add to Cart"
"PI 340196","I.B. 584","Brassica rapa",India,Seed,NC7,"Add to Cart"
"PI 340197","I.B. 586","Brassica rapa",India,Seed,NC7,"Add to Cart"
"PI 340198","I.B. 588","Brassica rapa",India,Seed,NC7,"Add to Cart"
"PI 340199","I.B. 115","Brassica rapa",India,Seed,NC7,"Add to Cart"
"PI 340200","I.B. 145","Brassica rapa",India,Seed,NC7,"Add to Cart"
"PI 340201","I.B. 154","Brassica rapa",India,Seed,NC7,"Add to Cart"
"PI 340203","I.B. 358","Brassica rapa",India,Seed,NC7,"Add to Cart"
"PI 340222","I.B. 406","Brassica rapa",India,Seed,NC7,"Add to Cart"
"PI 343182",NOVITAS,"Brassica rapa",Netherlands,Seed,NC7,"Add to Cart"
"PI 343183","PR. RAS 1","Brassica rapa",Netherlands,Seed,NC7,"Add to Cart"
"PI 347595","BC 66","Brassica rapa",India,Seed,NC7,"Add to Cart"
"PI 347596","BCb 8","Brassica rapa",India,Seed,NC7,"Add to Cart"
"PI 347597","BCb 9","Brassica rapa",India,Seed,NC7,"Add to Cart"
"PI 347598",DICHOTOMA,"Brassica rapa",India,Seed,NC7,"Add to Cart"
"PI 347599","BCb 14","Brassica rapa",India,Seed,NC7,"Add to Cart"
"PI 347604","BCb 19","Brassica rapa",India,Seed,NC7,"Add to Cart"
"PI 347605","BCb 20","Brassica rapa",India,Seed,NC7,"Add to Cart"
"PI 347607","BC 27","Brassica rapa",India,Seed,NC7,"Add to Cart"
"PI 347609","BC 33","Brassica rapa",India,Seed,NC7,"Add to Cart"
"PI 347610","BC 34","Brassica rapa",India,Seed,NC7,"Add to Cart"
"PI 347611","BC 35","Brassica rapa",India,Seed,NC7,"Add to Cart"
"PI 347612","BCt 31","Brassica rapa",India,Seed,NC7,"Not Available"
"PI 347613","BCt 35","Brassica rapa",India,Seed,NC7,"Add to Cart"
"PI 347614","I.B. 285","Brassica rapa",India,Seed,NC7,"Add to Cart"
"PI 347846",,"Brassica rapa",India,Seed,NC7,"Add to Cart"
"PI 352789",SARSON,"Brassica rapa",India,Seed,NC7,"Add to Cart"
"PI 352790",SARSON,"Brassica rapa",India,Seed,NC7,"Add to Cart"
"PI 352791",SARSON,"Brassica rapa",India,Seed,NC7,"Add to Cart"
"PI 352792",SARSON,"Brassica rapa",India,Seed,NC7,"Add to Cart"
"PI 352793",SARSON,"Brassica rapa",India,Seed,NC7,"Add to Cart"
"PI 352794",SARSON,"Brassica rapa",India,Seed,NC7,"Add to Cart"
"PI 352795",SARSON,"Brassica rapa",India,Seed,NC7,"Add to Cart"
"PI 352796",SARSON,"Brassica rapa",India,Seed,NC7,"Add to Cart"
"PI 352797",SARSON,"Brassica rapa",India,Seed,NC7,"Add to Cart"
"PI 352798",SARSON,"Brassica rapa",India,Seed,NC7,"Add to Cart"
"PI 352799",SARSON,"Brassica rapa",India,Seed,NC7,"Add to Cart"
"PI 352800",SARSON,"Brassica rapa",India,Seed,NC7,"Add to Cart"
"PI 352801","I.B. 887","Brassica rapa",India,Seed,NC7,"Add to Cart"
"PI 352802",SARSON,"Brassica rapa",India,Seed,NC7,"Add to Cart"
"PI 352803",SARSON,"Brassica rapa",India,Seed,NC7,"Add to Cart"
"PI 352804",SARSON,"Brassica rapa",India,Seed,NC7,"Add to Cart"
"PI 352805",SARSON,"Brassica rapa",India,Seed,NC7,"Add to Cart"
"PI 352806",SARSON,"Brassica rapa",India,Seed,NC7,"Add to Cart"
"PI 352807","I.B. 924","Brassica rapa",India,Seed,NC7,"Add to Cart"
"PI 352808","I.B. 928","Brassica rapa",India,Seed,NC7,"Add to Cart"
"PI 352809",SARSON,"Brassica rapa",India,Seed,NC7,"Add to Cart"
"PI 352810","I.B. 967","Brassica rapa",India,Seed,NC7,"Add to Cart"
"PI 352811",SARSON,"Brassica rapa",India,Seed,NC7,"Add to Cart"
"PI 352812",SARSON,"Brassica rapa",India,Seed,NC7,"Add to Cart"
"PI 352813","I.B. 1053","Brassica rapa",India,Seed,NC7,"Add to Cart"
"PI 352814",SARSON,"Brassica rapa",India,Seed,NC7,"Add to Cart"
"PI 352815",SARSON,"Brassica rapa",India,Seed,NC7,"Add to Cart"
"PI 352816",SARSON,"Brassica rapa",India,Seed,NC7,"Add to Cart"
"PI 352817",SARSON,"Brassica rapa",India,Seed,NC7,"Add to Cart"
"PI 352818",SARSON,"Brassica rapa",India,Seed,NC7,"Add to Cart"
"PI 352819",SARSON,"Brassica rapa",India,Seed,NC7,"Add to Cart"
"PI 352820","I.B. 1085","Brassica rapa",India,Seed,NC7,"Add to Cart"
"PI 352821",SARSON,"Brassica rapa",India,Seed,NC7,"Add to Cart"
"PI 352822",SARSON,"Brassica rapa",India,Seed,NC7,"Add to Cart"
"PI 352823",SARSON,"Brassica rapa",India,Seed,NC7,"Add to Cart"
"PI 352824",SARSON,"Brassica rapa",India,Seed,NC7,"Add to Cart"
"PI 352825",SARSON,"Brassica rapa",India,Seed,NC7,"Add to Cart"
"PI 360878",68-5301,"Brassica rapa",Sweden,Seed,NC7,"Add to Cart"
"PI 365643",POLAR,"Brassica rapa",Canada,Seed,NC7,"Add to Cart"
"PI 370728","NU 60190","Brassica rapa",India,Seed,NC7,"Add to Cart"
"PI 370729","NU 60219","Brassica rapa",India,Seed,NC7,"Add to Cart"
"PI 370730","NU 60245","Brassica rapa",India,Seed,NC7,"Add to Cart"
"PI 370731",DICHOTOMA,"Brassica rapa",India,Seed,NC7,"Add to Cart"
"PI 370732","NU 49539","Brassica rapa",India,Seed,NC7,"Add to Cart"
"PI 370733","NU 49542","Brassica rapa",India,Seed,NC7,"Add to Cart"
"PI 370734","NU 60390","Brassica rapa",India,Seed,NC7,"Add to Cart"
"PI 370735","NU 60469","Brassica rapa",India,Seed,NC7,"Add to Cart"
"PI 370736","NU 60502","Brassica rapa",India,Seed,NC7,"Not Available"
"PI 370737","NU 60560","Brassica rapa",India,Seed,NC7,"Add to Cart"
"PI 370738",SARSON,"Brassica rapa",India,Seed,NC7,"Add to Cart"
"PI 370739","NU 49521","Brassica rapa",India,Seed,NC7,"Add to Cart"
"PI 370740","NU 49529","Brassica rapa",India,Seed,NC7,"Add to Cart"
"PI 370741","NU 49494","Brassica rapa",India,Seed,NC7,"Add to Cart"
"PI 370742","I.B. 236","Brassica rapa",India,Seed,NC7,"Add to Cart"
"PI 370743","NU 46754","Brassica rapa",India,Seed,NC7,"Add to Cart"
"PI 372514",,"Brassica rapa",Canada,Seed,NC7,"Add to Cart"
"PI 384534","Rapido III","Brassica rapa",Sweden,Seed,NC7,"Add to Cart"
"PI 390130","BROWN SARSON","Brassica rapa",Pakistan,Seed,NC7,"Not Available"
"PI 390131","TORIA SCATHI","Brassica rapa",Pakistan,Seed,NC7,"Add to Cart"
"PI 390132","TORIA SEL A","Brassica rapa",Pakistan,Seed,NC7,"Add to Cart"
"PI 391547",,"Brassica rapa",China,Seed,NC7,"Add to Cart"
"PI 391548",,"Brassica rapa",China,Seed,NC7,"Add to Cart"
"PI 391549",,"Brassica rapa",China,Seed,NC7,"Add to Cart"
"PI 391550",,"Brassica rapa",China,Seed,NC7,"Add to Cart"
"PI 391551",,"Brassica rapa",China,Seed,NC7,"Add to Cart"
"PI 391554",77-232,"Brassica rapa",China,Seed,NC7,"Add to Cart"
"PI 392024","CANA ECHO","Brassica rapa",Canada,Seed,NC7,"Add to Cart"
"PI 392025","CANA SPAN","Brassica rapa",Canada,Seed,NC7,"Add to Cart"
"PI 406311",,"Brassica rapa","Soviet Union",Seed,NC7,"Add to Cart"
"PI 406312",,"Brassica rapa","Soviet Union",Seed,NC7,"Add to Cart"
"PI 419036","Tsao Yutunri","Brassica rapa",China,Seed,NC7,"Add to Cart"
"PI 419063",,"Brassica rapa",China,Seed,NC7,"Add to Cart"
"PI 419180",,"Brassica rapa",China,Seed,NC7,"Add to Cart"
"PI 419212",,"Brassica rapa","Hong Kong",Seed,NC7,"Add to Cart"
"PI 426172",K-1016,"Brassica rapa",Afghanistan,Seed,NC7,"Add to Cart"
"PI 426173",K-1032,"Brassica rapa",Afghanistan,Seed,NC7,"Add to Cart"
"PI 426174",K-1033,"Brassica rapa",Afghanistan,Seed,NC7,"Add to Cart"
"PI 426175",K-1071,"Brassica rapa",Afghanistan,Seed,NC7,"Add to Cart"
"PI 426176",K-1075,"Brassica rapa",Afghanistan,Seed,NC7,"Add to Cart"
"PI 426177",K-1081,"Brassica rapa",Afghanistan,Seed,NC7,"Add to Cart"
"PI 426234","K-17 L.N. TORIA","Brassica rapa",Pakistan,Seed,NC7,"Add to Cart"
"PI 426235","K-94  L.N. SARSON","Brassica rapa",Pakistan,Seed,NC7,"Add to Cart"
"PI 426236","K-366 L.N. TORIA","Brassica rapa",Pakistan,Seed,NC7,"Add to Cart"
"PI 426237","K-374 L.N. TORIA","Brassica rapa",Pakistan,Seed,NC7,"Add to Cart"
"PI 426238","K-384 L.N. RAYA","Brassica rapa",Pakistan,Seed,NC7,"Add to Cart"
"PI 426239","K-408 L.N. RAYA","Brassica rapa",Pakistan,Seed,NC7,"Add to Cart"
"PI 426240","K-458 L.N. RAYA","Brassica rapa",Pakistan,Seed,NC7,"Add to Cart"
"PI 426241","K-459 L.N. TORIA","Brassica rapa",Pakistan,Seed,NC7,"Add to Cart"
"PI 426242","K-460 L.N. TORIA","Brassica rapa",Pakistan,Seed,NC7,"Add to Cart"
"PI 426243","K-571 L.N. RAYA","Brassica rapa",Pakistan,Seed,NC7,"Add to Cart"
"PI 426244","K-586 L.N. SARSON","Brassica rapa",Pakistan,Seed,NC7,"Add to Cart"
"PI 426245","K-608 L.N. TORIA","Brassica rapa",Pakistan,Seed,NC7,"Add to Cart"
"PI 426246","K-652 L.N. TORIA, SARSON","Brassica rapa",Pakistan,Seed,NC7,"Add to Cart"
"PI 426247","K-660 L.N. TORIA","Brassica rapa",Pakistan,Seed,NC7,"Add to Cart"
"PI 426248","K-662 L.N. TORIA","Brassica rapa",Pakistan,Seed,NC7,"Add to Cart"
"PI 426249","K-674 L.N. SARSON","Brassica rapa",Pakistan,Seed,NC7,"Add to Cart"
"PI 426250","K-676 L.N. RAYA","Brassica rapa",Pakistan,Seed,NC7,"Add to Cart"
"PI 426251","K-693 L.N. TORIA","Brassica rapa",Pakistan,Seed,NC7,"Add to Cart"
"PI 426252","K-694 L.N. TORIA","Brassica rapa",Pakistan,Seed,NC7,"Add to Cart"
"PI 426254","K-743 L.N. SARSON","Brassica rapa",Pakistan,Seed,NC7,"Add to Cart"
"PI 426255","K-749 L.N. TORIA","Brassica rapa",Pakistan,Seed,NC7,"Add to Cart"
"PI 426256","K-752 L.N. TORIA","Brassica rapa",Pakistan,Seed,NC7,"Add to Cart"
"PI 426257","K-774 L.N. SARSON","Brassica rapa",Pakistan,Seed,NC7,"Add to Cart"
"PI 426258","K-788 L.N. SARSON","Brassica rapa",Pakistan,Seed,NC7,"Add to Cart"
"PI 426259","K-794 L.N. SARSON","Brassica rapa",Pakistan,Seed,NC7,"Add to Cart"
"PI 426260","K-803 L.N. SARSON","Brassica rapa",Pakistan,Seed,NC7,"Add to Cart"
"PI 426261","K-815 L.N. SARSON","Brassica rapa",Pakistan,Seed,NC7,"Add to Cart"
"PI 426262","K-833 L.N. SARSON","Brassica rapa",Pakistan,Seed,NC7,"Add to Cart"
"PI 426263","K-843 L.N. SARSON","Brassica rapa",Pakistan,Seed,NC7,"Add to Cart"
"PI 426264","K-879 L.N. SARSON","Brassica rapa",Pakistan,Seed,NC7,"Add to Cart"
"PI 426265","K-880 L.N. SARSON","Brassica rapa",Pakistan,Seed,NC7,"Add to Cart"
"PI 426266","K-888 L.N. SARSON","Brassica rapa",Pakistan,Seed,NC7,"Add to Cart"
"PI 426267","K-890 L.N. SARSON","Brassica rapa",Pakistan,Seed,NC7,"Add to Cart"
"PI 426268","K-894 L.N. SARSON","Brassica rapa",Pakistan,Seed,NC7,"Add to Cart"
"PI 426269","K-896 L.N. SARSON","Brassica rapa",Pakistan,Seed,NC7,"Add to Cart"
"PI 426270","K-900 L.N. SARSON","Brassica rapa",Pakistan,Seed,NC7,"Add to Cart"
"PI 426271","K-903 L.N. SARSON","Brassica rapa",Pakistan,Seed,NC7,"Add to Cart"
"PI 426272","K-905 L.N. SARSON","Brassica rapa",Pakistan,Seed,NC7,"Add to Cart"
"PI 426273","K-909 L.N. SARSON","Brassica rapa",Pakistan,Seed,NC7,"Add to Cart"
"PI 426274","K-910 L.N. SARSON","Brassica rapa",Pakistan,Seed,NC7,"Add to Cart"
"PI 426275","K-915 L.N. SARSON","Brassica rapa",Pakistan,Seed,NC7,"Add to Cart"
"PI 426276","K-919 L.N. SARSON","Brassica rapa",Pakistan,Seed,NC7,"Add to Cart"
"PI 426277","K-921 L.N. SARSON","Brassica rapa",Pakistan,Seed,NC7,"Add to Cart"
"PI 426278","K-927 L.N. SARSON","Brassica rapa",Pakistan,Seed,NC7,"Add to Cart"
"PI 426279","K-932 L.N. SARSON","Brassica rapa",Pakistan,Seed,NC7,"Add to Cart"
"PI 426280","K-933 L.N. SARSON","Brassica rapa",Pakistan,Seed,NC7,"Add to Cart"
"PI 426281","K-934 L.N. SARSON","Brassica rapa",Pakistan,Seed,NC7,"Add to Cart"
"PI 426282","K-942 L.N. SARSON","Brassica rapa",Pakistan,Seed,NC7,"Add to Cart"
"PI 426283","K-946 L.N. SARSON","Brassica rapa",Pakistan,Seed,NC7,"Add to Cart"
"PI 426284","K-947 L.N. SARSON","Brassica rapa",Pakistan,Seed,NC7,"Add to Cart"
"PI 426285","K-949 L.N. SARSON","Brassica rapa",Pakistan,Seed,NC7,"Add to Cart"
"PI 426286","K-953 L.N. SARSON","Brassica rapa",Pakistan,Seed,NC7,"Add to Cart"
"PI 426287","K-955 L.N. SARSON","Brassica rapa",Pakistan,Seed,NC7,"Add to Cart"
"PI 426288","K-957 L.N. SARSON","Brassica rapa",Pakistan,Seed,NC7,"Add to Cart"
"PI 426289","K-963 L.N. SARSON","Brassica rapa",Pakistan,Seed,NC7,"Add to Cart"
"PI 426290","K-968 L.N. SARSON","Brassica rapa",Pakistan,Seed,NC7,"Add to Cart"
"PI 426368",K-511,"Brassica rapa",Pakistan,Seed,NC7,"Add to Cart"
"PI 426392",K-698,"Brassica rapa",Pakistan,Seed,NC7,"Add to Cart"
"PI 430601","SHUANG PAI KENG","Brassica rapa",Pakistan,Seed,NC7,"Add to Cart"
"PI 431570",Candle,"Brassica rapa",Pakistan,Seed,NC7,"Add to Cart"
"PI 431573",Torch,"Brassica rapa",Canada,Seed,NC7,"Add to Cart"
"PI 432364",BAU-M/2,"Brassica rapa",Bangladesh,Seed,NC7,"Add to Cart"
"PI 432365",BAU-M/3,"Brassica rapa",Bangladesh,Seed,NC7,"Add to Cart"
"PI 432366",BAU-M/12,"Brassica rapa",Bangladesh,Seed,NC7,"Add to Cart"
"PI 432368",BAU-M/25,"Brassica rapa",Bangladesh,Seed,NC7,"Add to Cart"
"PI 432369",BAU-M/26,"Brassica rapa",Bangladesh,Seed,NC7,"Add to Cart"
"PI 432370",BAU-M/27,"Brassica rapa",Bangladesh,Seed,NC7,"Add to Cart"
"PI 432371",BAU-M/37,"Brassica rapa",Bangladesh,Seed,NC7,"Add to Cart"
"PI 432372",BAU-M/38,"Brassica rapa",Bangladesh,Seed,NC7,"Add to Cart"
"PI 432373",BAU-M/39,"Brassica rapa",Bangladesh,Seed,NC7,"Add to Cart"
"PI 432374",BAU-M/41,"Brassica rapa",Bangladesh,Seed,NC7,"Add to Cart"
"PI 432375",BAU-M/86,"Brassica rapa",Bangladesh,Seed,NC7,"Add to Cart"
"PI 432376",BAU-M/90,"Brassica rapa",Bangladesh,Seed,NC7,"Add to Cart"
"PI 436552","Bai guo tian you cai","Brassica rapa",China,Seed,NC7,"Add to Cart"
"PI 436560","Wu You no. 1","Brassica rapa",China,Seed,NC7,"Add to Cart"
"PI 436561","Xi shui You cai bai","Brassica rapa",China,Seed,NC7,"Add to Cart"
"PI 443023","Foll' Elite E","Brassica rapa",Norway,Seed,NC7,"Add to Cart"
"PI 443024","Hvit Mai' Hellerud","Brassica rapa",Norway,Seed,NC7,"Add to Cart"
"PI 449454",Candle,"Brassica rapa",Canada,Seed,NC7,"Add to Cart"
"PI 458613","Green globe","Brassica rapa","New Zealand",Seed,NC7,"Add to Cart"
"PI 458614","Green resistant","Brassica rapa","New Zealand",Seed,NC7,"Add to Cart"
"PI 458615",Kapai,"Brassica rapa","New Zealand",Seed,NC7,"Add to Cart"
"PI 458616",Manga,"Brassica rapa","New Zealand",Seed,NC7,"Add to Cart"
"PI 458617","Purple resistant","Brassica rapa","New Zealand",Seed,NC7,"Add to Cart"
"PI 458618","York globe","Brassica rapa","New Zealand",Seed,NC7,"Add to Cart"
"PI 458931",Bele,"Brassica rapa",Sweden,Seed,NC7,"Add to Cart"
"PI 458932",Solo,"Brassica rapa",Sweden,Seed,NC7,"Add to Cart"
"PI 458933",Torpe,"Brassica rapa",Sweden,Seed,NC7,"Add to Cart"
"PI 458972",77-75,"Brassica rapa","United States",Seed,NC7,"Add to Cart"
"PI 458973",77-76,"Brassica rapa","United States",Seed,NC7,"Add to Cart"
"PI 458974",77-72,"Brassica rapa","United States",Seed,NC7,"Add to Cart"
"PI 458975",77-77,"Brassica rapa","United States",Seed,NC7,"Add to Cart"
"PI 458976",77-74,"Brassica rapa","United States",Seed,NC7,"Add to Cart"
"PI 458977",77-73,"Brassica rapa","United States",Seed,NC7,"Add to Cart"
"PI 458982","BCT 9","Brassica rapa",India,Seed,NC7,"Add to Cart"
"PI 458983","BCT 28","Brassica rapa",India,Seed,NC7,"Add to Cart"
"PI 458984","BCT 32","Brassica rapa",India,Seed,NC7,"Add to Cart"
"PI 458985","NU 49303","Brassica rapa",India,Seed,NC7,"Add to Cart"
"PI 458986","I.B. 341","Brassica rapa",India,Seed,NC7,"Add to Cart"
"PI 458987","I.B. 351","Brassica rapa",India,Seed,NC7,"Add to Cart"
"PI 458988","I.B. 1032","Brassica rapa",India,Seed,NC7,"Add to Cart"
"PI 458989","I.B. 2053","Brassica rapa",India,Seed,NC7,"Add to Cart"
"PI 458990","I.B. 1809","Brassica rapa",India,Seed,NC7,"Add to Cart"
"PI 458991","I.B. 1847","Brassica rapa",India,Seed,NC7,"Add to Cart"
"PI 469895","Man seng","Brassica rapa","Korea, South",Seed,NC7,"Add to Cart"
"PI 470042","Taiwan natine","Brassica rapa",Taiwan,Seed,NC7,"Add to Cart"
"PI 470064","Yuche Tac man","Brassica rapa","Korea, South",Seed,NC7,"Add to Cart"
"PI 478320","O 90","Brassica rapa",China,Seed,NC7,"Add to Cart"
"PI 478321","O 105","Brassica rapa",China,Seed,NC7,"Add to Cart"
"PI 478322","O 106","Brassica rapa",China,Seed,NC7,"Add to Cart"
"PI 502305",AR-116,"Brassica rapa","Russian Federation",Seed,NC7,"Add to Cart"
"PI 537001",,"Brassica rapa",India,Seed,NC7,"Add to Cart"
"PI 537002",,"Brassica rapa",India,Seed,NC7,"Add to Cart"
"PI 537003",,"Brassica rapa",Serbia,Seed,NC7,"Add to Cart"
"PI 537009",K-546a,"Brassica rapa",Pakistan,Seed,NC7,"Add to Cart"
"PI 537010",K-645a,"Brassica rapa",Pakistan,Seed,NC7,"Add to Cart"
"PI 537011",K-673a,"Brassica rapa",Pakistan,Seed,NC7,"Add to Cart"
"PI 537012",K-697a,"Brassica rapa",Pakistan,Seed,NC7,"Add to Cart"
"PI 537013",K-829a,"Brassica rapa",Pakistan,Seed,NC7,"Add to Cart"
"PI 537014",K-868a,"Brassica rapa",Pakistan,Seed,NC7,"Add to Cart"
"PI 537015",K-871a,"Brassica rapa",Pakistan,Seed,NC7,"Add to Cart"
"PI 537016",K-940a,"Brassica rapa",Pakistan,Seed,NC7,"Add to Cart"
"PI 537019",K-853a,"Brassica rapa",Pakistan,Seed,NC7,"Add to Cart"
"PI 537020",K-281b,"Brassica rapa",Pakistan,Seed,NC7,"Add to Cart"
"PI 10",NEH1897,"Brassica rapa","Russian Federation",,NC7,"Not Available"
"PI 11","Genuine Petrovski table","Brassica rapa","Russian Federation",,NC7,"Not Available"
"PI 896",NEH1897,"Brassica rapa",Kyrgyzstan,,NC7,"Not Available"
"PI 1207",NEH1897,"Brassica rapa",Uzbekistan,,NC7,"Not Available"
"PI 662683","Spring Annual","Brassica rapa","United States",Seed,NE9,"Add to Cart"
"PI 662772",Barkant,"Brassica rapa",Germany,Seed,NE9,"Not Available"
"G 31848",Barabas,"Brassica rapa",Germany,Seed,NE9,"Not Available"
"PI 662773",Rondo,"Brassica rapa",Unknown,Seed,NE9,"Not Available"
"PI 662774","The Wallace","Brassica rapa",Unknown,Seed,NE9,"Not Available"
"PI 662780","Green Top Scotch","Brassica rapa",Unknown,Seed,NE9,"Not Available"
"PI 662781","Green Globe","Brassica rapa",Unknown,Seed,NE9,"Not Available"
"Ames 22551",LUDOWY,"Brassica rapa",Poland,"Plant, Seed",NC7,"Not Available"
"PI 111415","Rape turnip","Brassica rapa",China,,NC7,"Not Available"
"PI 39465","Man ching","Brassica rapa",China,,NC7,"Not Available"
"PI 32139",,"Brassica rapa","United States",,NC7,"Not Available"
"PI 22755",Petrowski,"Brassica rapa",Finland,,NC7,"Not Available"
"PI 22756","Flat Round Yellow Finnish","Brassica rapa",Finland,,NC7,"Not Available"
"PI 25592",,"Brassica rapa",China,,NC7,"Not Available"
"PI 633160","CR 1476/87b","Brassica rapa",China,Seed,NC7,"Add to Cart"
"PI 633161","BRA 1228/87","Brassica rapa",Italy,Seed,NC7,"Add to Cart"
"PI 12727",,"Brassica rapa","United States",,NC7,"Not Available"
"G 31786","G 31786","Brassica rapa",China,Seed,NE9,"Not Available"
"G 31787","G 31787","Brassica rapa",China,Seed,NE9,"Not Available"
"PI 662759","G 31788","Brassica rapa",China,Seed,NE9,"Add to Cart"
"PI 662760","G 31789","Brassica rapa",China,Seed,NE9,"Add to Cart"
"PI 662761","G 31790","Brassica rapa",China,Seed,NE9,"Add to Cart"
"PI 662762","G 31791","Brassica rapa",China,Seed,NE9,"Add to Cart"
"PI 15315",Shogoin,"Brassica rapa",Japan,,NC7,"Not Available"
"PI 18401","No. 45","Brassica rapa",Pakistan,,NC7,"Not Available"
"PI 19554","Petrowski Russian","Brassica rapa",Sweden,,NC7,"Not Available"
"PI 2105",Freneuse,"Brassica rapa",France,,NC7,"Not Available"
"PI 2106","Half-long White Forcing","Brassica rapa",France,,NC7,"Not Available"
"PI 2107","Long White Vestus or Jersey","Brassica rapa",France,,NC7,"Not Available"
"PI 2108","Red-top Viarmes","Brassica rapa",France,,NC7,"Not Available"
"PI 2109","Long Red Tankard","Brassica rapa",France,,NC7,"Not Available"
"PI 2110","Large White Globe, Purple Top","Brassica rapa",France,,NC7,"Not Available"
"PI 3984",,"Brassica rapa",Egypt,,NC7,"Not Available"
"PI 6134",,"Brassica rapa",Japan,,NC7,"Not Available"
"PI 6176","White Tankard Purple Top","Brassica rapa",Finland,,NC7,"Not Available"
"PI 6179","Finnish Svedje","Brassica rapa",Finland,,NC7,"Not Available"
"PI 6265",Fiona,"Brassica rapa",Denmark,,NC7,"Not Available"
"PI 603020",77-1075,"Brassica rapa",India,Seed,NC7,"Add to Cart"
"PI 603021","Ames 24530","Brassica rapa",Pakistan,Seed,NC7,"Add to Cart"
"PI 603022",K-503,"Brassica rapa",Pakistan,Seed,NC7,"Add to Cart"
"PI 603023",K-529,"Brassica rapa",Pakistan,Seed,NC7,"Not Available"
"PI 603024",K-569,"Brassica rapa",Pakistan,Seed,NC7,"Add to Cart"
"PI 603025",K-600,"Brassica rapa",Pakistan,Seed,NC7,"Add to Cart"
"PI 603026",K-656,"Brassica rapa",Pakistan,Seed,NC7,"Add to Cart"
"PI 603027",K-657,"Brassica rapa",Pakistan,Seed,NC7,"Add to Cart"
"PI 603028",K-764,"Brassica rapa",Pakistan,Seed,NC7,"Not Available"
"PI 603029","I.B. 1883","Brassica rapa",India,Seed,NC7,"Add to Cart"
"PI 262987","Wassland Improved Medium Long","Brassica rapa","United States",,NC7,"Not Available"
"PI 218064",,"Brassica rapa","United States",,NC7,"Not Available"
"PI 15316",Tennoji,"Brassica rapa",Japan,,NC7,"Not Available"
"PI 15317",Omi-Kabu,"Brassica rapa",Japan,,NC7,"Not Available"
"PI 15318",Naga-Kabu,"Brassica rapa",Japan,,NC7,"Not Available"
"PI 15319",Hino,"Brassica rapa",Japan,,NC7,"Not Available"
"PI 15320",Kokabu,"Brassica rapa",Japan,,NC7,"Not Available"
"PI 19555","Gratscheffs Russian","Brassica rapa",Sweden,,NC7,"Not Available"
"PI 20483",Kalrotter,"Brassica rapa",Sweden,,NC7,"Not Available"
"PI 20594","No. 74","Brassica rapa",Norway,,NC7,"Not Available"
"PI 20598","No. 78","Brassica rapa",Norway,,NC7,"Not Available"
"PI 20601","No. 81","Brassica rapa",Norway,,NC7,"Not Available"
"PI 20603","No. 83","Brassica rapa",Norway,,NC7,"Not Available"
"PI 20918",,"Brassica rapa",Finland,,NC7,"Not Available"
"PI 22757","Yellow Roudn Red-Top","Brassica rapa",Finland,,NC7,"Not Available"
"PI 23966","Pien lang","Brassica rapa",China,,NC7,"Not Available"
"Ames 25642",UKR-99-267,"Brassica rapa",Ukraine,"Plant, Seed",NC7,"Not Available"
"PI 633162",P026,"Brassica rapa",Poland,Seed,NC7,"Add to Cart"
"Ames 25989","Rapa-Early-Group 1","Brassica rapa","United States",Seed,NC7,"Not Available"
"PI 33682",Bortfelder,"Brassica rapa",Sweden,,NC7,"Not Available"
"PI 33683","Yellow Tankard","Brassica rapa",Sweden,,NC7,"Not Available"
"PI 33684",Ostersundom,"Brassica rapa",Sweden,,NC7,"Not Available"
"PI 36301",Navo,"Brassica rapa",Peru,,NC7,"Not Available"
"PI 50450",,"Brassica rapa",China,,NC7,"Not Available"
"PI 629030","Bushu Kanna","Brassica rapa",Japan,Seed,NE9,"Add to Cart"
"PI 20604","No. 84","Brassica rapa",Norway,,NC7,"Not Available"
"PI 20605","No. 85","Brassica rapa",Norway,,NC7,"Not Available"
"PI 60790",Kostenevskaia,"Brassica rapa","Russian Federation",,NC7,"Not Available"
"PI 60791",Petrovskaia,"Brassica rapa","Russian Federation",,NC7,"Not Available"
"PI 60792",Petrovskaia,"Brassica rapa","Russian Federation",,NC7,"Not Available"
"PI 60793",Petrovskaia,"Brassica rapa","Russian Federation",,NC7,"Not Available"
"PI 303945","Funenshe Bortfelder","Brassica rapa",Netherlands,,NC7,"Not Available"
"PI 12728",,"Brassica rapa","United States",,NC7,"Not Available"
"PI 80934","Suigukina makino","Brassica rapa",Japan,,NC7,"Not Available"
"PI 97714",,"Brassica rapa",China,,NC7,"Not Available"
"PI 97715",,"Brassica rapa",China,,NC7,"Not Available"
"PI 107281","No. 516","Brassica rapa",Norway,,NC7,"Not Available"
"PI 114032",,"Brassica rapa",Iraq,,NC7,"Not Available"
"Ames 30078","Ames 30078","Brassica rapa","United States",Seed,NC7,"Add to Cart"
"Ames 30079","Ames 30079","Brassica rapa","United States",Seed,NC7,"Add to Cart"
"Ames 30080","Ames 30080","Brassica rapa","United States",Seed,NC7,"Add to Cart"
"Ames 30081","Ames 30081","Brassica rapa","United States",Seed,NC7,"Add to Cart"
"Ames 30082","Ames 30082","Brassica rapa","United States",Seed,NC7,"Add to Cart"
"Ames 30083","Ames 30083","Brassica rapa","United States",Seed,NC7,"Add to Cart"
"Ames 30084","Ames 30084","Brassica rapa","United States",Seed,NC7,"Add to Cart"
"PI 115566",Seilgarm,"Brassica rapa",Turkey,,NC7,"Not Available"
"PI 115886",Shelgam,"Brassica rapa",India,,NC7,"Not Available"
"PI 116217",,"Brassica rapa",Morocco,,NC7,"Not Available"
"PI 116466",Shelgam,"Brassica rapa",India,,NC7,"Not Available"
"PI 116467",Shelgam,"Brassica rapa",India,,NC7,"Not Available"
"PI 116468",Shelgam,"Brassica rapa",India,,NC7,"Not Available"
"PI 116908","Surkh shelgam","Brassica rapa",Afghanistan,,NC7,"Not Available"
"PI 117120","No. 164","Brassica rapa",Turkey,,NC7,"Not Available"
"PI 117547","Couve nabica","Brassica rapa",Brazil,,NC7,"Not Available"
"PI 117871","Nabo roxo","Brassica rapa",Brazil,,NC7,"Not Available"
"PI 118014","No. 1023","Brassica rapa",India,,NC7,"Not Available"
"PI 118015","No. 1022","Brassica rapa",India,,NC7,"Not Available"
"PI 118238","Nabo branco eiio comprido","Brassica rapa",Brazil,,NC7,"Not Available"
"PI 118239","Nabo amarello de milao","Brassica rapa",Brazil,,NC7,"Not Available"
"PI 118240","Nabo chato branco Francez","Brassica rapa",Brazil,,NC7,"Not Available"
"PI 118241","Nabica de tarra","Brassica rapa",Brazil,,NC7,"Not Available"
"PI 118242","Nabo do Japao","Brassica rapa",Brazil,,NC7,"Not Available"
"PI 118243","Nabo branco chato tennoji","Brassica rapa",Brazil,,NC7,"Not Available"
"PI 118244","Nabo branco chato shogoin","Brassica rapa",Brazil,,NC7,"Not Available"
"PI 118245","Nabo branco tokinashi","Brassica rapa",Brazil,,NC7,"Not Available"
"PI 118246","Couve nabo branco","Brassica rapa",Brazil,,NC7,"Not Available"
"PI 118572","No. 1136q","Brassica rapa",Pakistan,,NC7,"Not Available"
"PI 120906","No. 1154","Brassica rapa",Turkey,,NC7,"Not Available"
"PI 120907","No. 1221","Brassica rapa",Turkey,,NC7,"Not Available"
"PI 120908","No. 1361","Brassica rapa",Turkey,,NC7,"Not Available"
"PI 120909","No. 1694","Brassica rapa",Turkey,,NC7,"Not Available"
"PI 120910","No. 1697","Brassica rapa",Turkey,,NC7,"Not Available"
"PI 120912","No. 2035","Brassica rapa",Turkey,,NC7,"Not Available"
"PI 120913","No. 2159","Brassica rapa",Turkey,,NC7,"Not Available"
"PI 120914","No. 2218","Brassica rapa",Turkey,,NC7,"Not Available"
"PI 120915","No. 2354","Brassica rapa",Turkey,,NC7,"Not Available"
"PI 120916","No. 2517","Brassica rapa",Turkey,,NC7,"Not Available"
"PI 120917","No. 3034","Brassica rapa",Turkey,,NC7,"Not Available"
"PI 120918","No. 3164","Brassica rapa",Turkey,,NC7,"Not Available"
"PI 120919","No. 3255","Brassica rapa",Turkey,,NC7,"Not Available"
"PI 121843",Mulu,"Brassica rapa",Pakistan,,NC7,"Not Available"
"PI 121844",Mulu,"Brassica rapa",Pakistan,,NC7,"Not Available"
"PI 121845",Nyungma,"Brassica rapa",India,,NC7,"Not Available"
"PI 121846","No. 1401","Brassica rapa",India,,NC7,"Not Available"
"PI 121847","Japanese Shogin","Brassica rapa",India,,NC7,"Not Available"
"PI 124077",Shalgam,"Brassica rapa",India,,NC7,"Not Available"
"PI 124531",Goguru,"Brassica rapa",India,,NC7,"Not Available"
"PI 124532",Shelgum,"Brassica rapa",India,,NC7,"Not Available"
"PI 127441",Shelgam,"Brassica rapa",Afghanistan,,NC7,"Not Available"
"PI 135872","Safed Shelgam","Brassica rapa",Pakistan,,NC7,"Not Available"
"PI 138880",Shelgam,"Brassica rapa",Iran,,NC7,"Not Available"
"PI 138881",Shelgam,"Brassica rapa",Iran,,NC7,"Not Available"
"PI 138885",Shelgam,"Brassica rapa",Iran,,NC7,"Not Available"
"PI 138888",Shelgam,"Brassica rapa",Iran,,NC7,"Not Available"
"PI 138889",Shelgam,"Brassica rapa",Iran,,NC7,"Not Available"
"PI 138890",Shelgam,"Brassica rapa",Iran,,NC7,"Not Available"
"PI 138891",Shelgam,"Brassica rapa",Iran,,NC7,"Not Available"
"PI 138892",Shelgam,"Brassica rapa",Iran,,NC7,"Not Available"
"PI 138893",Shelgam,"Brassica rapa",Iran,,NC7,"Not Available"
"PI 138895",Shelgam,"Brassica rapa",Iran,,NC7,"Not Available"
"PI 138896",Shelgam,"Brassica rapa",Iran,,NC7,"Not Available"
"PI 138897",Shelgam,"Brassica rapa",Iran,,NC7,"Not Available"
"PI 138898",Shelgam,"Brassica rapa",Iran,,NC7,"Not Available"
"PI 140140",Turbalz,"Brassica rapa",Afghanistan,,NC7,"Not Available"
"PI 140141",Sharsham,"Brassica rapa",Afghanistan,,NC7,"Not Available"
"PI 140142",Shalzham,"Brassica rapa",Afghanistan,,NC7,"Not Available"
"PI 141583",Shelgam,"Brassica rapa",Iran,,NC7,"Not Available"
"PI 141584",Shelgam,"Brassica rapa",Iran,,NC7,"Not Available"
"PI 141586",Shelgam,"Brassica rapa",Iran,,NC7,"Not Available"
"PI 141587",Shelgam,"Brassica rapa",Iran,,NC7,"Not Available"
"PI 141588",Shelgam,"Brassica rapa",Iran,,NC7,"Not Available"
"PI 141589",Shelgam,"Brassica rapa",Iran,,NC7,"Not Available"
"PI 141590",Shelgam,"Brassica rapa",Iran,,NC7,"Not Available"
"PI 141591",Shelgam,"Brassica rapa",Iran,,NC7,"Not Available"
"PI 141592",Shelgam,"Brassica rapa",Iran,,NC7,"Not Available"
"PI 141593",Shelgam,"Brassica rapa",Iran,,NC7,"Not Available"
"PI 141594","Shelghami Khirmiz","Brassica rapa",Iran,,NC7,"Not Available"
"PI 141595",Shelgam,"Brassica rapa",Iran,,NC7,"Not Available"
"PI 141596",Shelgam,"Brassica rapa",Iran,,NC7,"Not Available"
"PI 143367",Shelgham,"Brassica rapa",Iran,,NC7,"Not Available"
"PI 143368",Shelgham,"Brassica rapa",Iran,,NC7,"Not Available"
"PI 143369",Shelgham,"Brassica rapa",Iran,,NC7,"Not Available"
"PI 143370",Shelgham,"Brassica rapa",Iran,,NC7,"Not Available"
"PI 143371",Shelgham,"Brassica rapa",Iran,,NC7,"Not Available"
"PI 143372",Shelgham,"Brassica rapa",Iran,,NC7,"Not Available"
"PI 156622",Bortfeldski,"Brassica rapa","Russian Federation",,NC7,"Not Available"
"PI 156623",Osterzundski,"Brassica rapa","Russian Federation",,NC7,"Not Available"
"PI 156705","Golden Ball","Brassica rapa",Japan,,NC7,"Not Available"
"PI 156706","Purple Top White Globe","Brassica rapa",Japan,,NC7,"Not Available"
"PI 676030",HT-LT46,"Brassica rapa","New Zealand",Seed,PVPO,"Not Available"
"PI 676031",HT-BT35,"Brassica rapa","New Zealand",Seed,PVPO,"Not Available"
